kind	key_or_file	language	before	after	reason	evidence
localized_source	appearance.dark.accessibility	ko	"iconButton(systemName: ""moon.fill"", target: .dark, accessibilityLabel: ""Use dark appearance"")"	다크 모드 사용	Hardcoded UI copy bypassed the selected app language.	Picky/Companion/CompanionPanelFooterView.swift
localized_source	appearance.dark.accessibility	en	"iconButton(systemName: ""moon.fill"", target: .dark, accessibilityLabel: ""Use dark appearance"")"	Use dark appearance	Hardcoded UI copy bypassed the selected app language.	Picky/Companion/CompanionPanelFooterView.swift
localized_source	appearance.light.accessibility	ko	"iconButton(systemName: ""sun.max.fill"", target: .light, accessibilityLabel: ""Use light appearance"")"	라이트 모드 사용	Hardcoded UI copy bypassed the selected app language.	Picky/Companion/CompanionPanelFooterView.swift
localized_source	appearance.light.accessibility	en	"iconButton(systemName: ""sun.max.fill"", target: .light, accessibilityLabel: ""Use light appearance"")"	Use light appearance	Hardcoded UI copy bypassed the selected app language.	Picky/Companion/CompanionPanelFooterView.swift
localized_source	common.collapse	ko	"return isExpanded ? ""접기"" : ""더 보기""
return isExpanded ? L10n.t(""common.collapse"") : ""더 보기"""	접기	Hardcoded UI copy bypassed the selected app language.	Picky/HUD/Conversation/Bubbles/PickyUserBubbleView.swift
localized_source	common.collapse	en	"return isExpanded ? ""접기"" : ""더 보기""
return isExpanded ? L10n.t(""common.collapse"") : ""더 보기"""	Show less	Hardcoded UI copy bypassed the selected app language.	Picky/HUD/Conversation/Bubbles/PickyUserBubbleView.swift
localized_source	common.collapsed	ko	".accessibilityValue(isCollapsed ? ""Collapsed"" : ""Expanded"")
.accessibilityValue(isCollapsed ? L10n.t(""common.collapsed"") : ""Expanded"")"	접힘	Localize hardcoded user-visible copy.	Picky/HUD/Conversation/Bubbles/PickyQuestionBubbleView.swift
localized_source	common.collapsed	en	".accessibilityValue(isCollapsed ? ""Collapsed"" : ""Expanded"")
.accessibilityValue(isCollapsed ? L10n.t(""common.collapsed"") : ""Expanded"")"	Collapsed	Localize hardcoded user-visible copy.	Picky/HUD/Conversation/Bubbles/PickyQuestionBubbleView.swift
localized_source	common.dismiss	ko	Dismiss	닫기	Hardcoded UI copy bypassed the selected app language.	Picky/HUD/Conversation/Bubbles/PickyTerminalSyncBanner.swift
localized_source	common.dismiss	en	Dismiss	Dismiss	Hardcoded UI copy bypassed the selected app language.	Picky/HUD/Conversation/Bubbles/PickyTerminalSyncBanner.swift
localized_source	common.expanded	ko	".accessibilityValue(isCollapsed ? L10n.t(""common.collapsed"") : ""Expanded"")"	펼쳐짐	Localize hardcoded user-visible copy.	Picky/HUD/Conversation/Bubbles/PickyQuestionBubbleView.swift
localized_source	common.expanded	en	".accessibilityValue(isCollapsed ? L10n.t(""common.collapsed"") : ""Expanded"")"	Expanded	Localize hardcoded user-visible copy.	Picky/HUD/Conversation/Bubbles/PickyQuestionBubbleView.swift
localized_source	common.notSelected	ko	".accessibilityValue(selected ? L10n.t(""common.selected"") : ""Not selected"")"	선택 안 됨	Hardcoded UI copy bypassed the selected app language.	Picky/QuickInput/PickyMainQuestionPanelView.swift
localized_source	common.notSelected	en	".accessibilityValue(selected ? L10n.t(""common.selected"") : ""Not selected"")"	Not selected	Hardcoded UI copy bypassed the selected app language.	Picky/QuickInput/PickyMainQuestionPanelView.swift
localized_source	common.resetZoom	ko	Reset Zoom	확대율 초기화	Hardcoded UI copy bypassed the selected app language.	Picky/HUD/PickyReportViewer.swift
localized_source	common.resetZoom	en	Reset Zoom	Reset Zoom	Hardcoded UI copy bypassed the selected app language.	Picky/HUD/PickyReportViewer.swift
localized_source	common.selected	ko	".accessibilityValue(selected ? ""Selected"" : ""Not selected"")
.accessibilityValue(selected ? L10n.t(""common.selected"") : ""Not selected"")"	선택됨	Hardcoded UI copy bypassed the selected app language.	Picky/QuickInput/PickyMainQuestionPanelView.swift
localized_source	common.selected	en	".accessibilityValue(selected ? ""Selected"" : ""Not selected"")
.accessibilityValue(selected ? L10n.t(""common.selected"") : ""Not selected"")"	Selected	Hardcoded UI copy bypassed the selected app language.	Picky/QuickInput/PickyMainQuestionPanelView.swift
localized_source	common.sending	ko	".accessibilityValue(viewModel.isSending ? ""Sending"" : """")"	보내는 중	Localize hardcoded user-visible copy.	Picky/QuickInput/PickyMainQuestionPanelView.swift
localized_source	common.sending	en	".accessibilityValue(viewModel.isSending ? ""Sending"" : """")"	Sending	Localize hardcoded user-visible copy.	Picky/QuickInput/PickyMainQuestionPanelView.swift
localized_source	common.showMore	ko	"return isExpanded ? L10n.t(""common.collapse"") : ""더 보기"""	더 보기	Hardcoded UI copy bypassed the selected app language.	Picky/HUD/Conversation/Bubbles/PickyUserBubbleView.swift
localized_source	common.showMore	en	"return isExpanded ? L10n.t(""common.collapse"") : ""더 보기"""	Show more	Hardcoded UI copy bypassed the selected app language.	Picky/HUD/Conversation/Bubbles/PickyUserBubbleView.swift
localized_source	common.zoomIn	ko	Zoom In	확대	Hardcoded UI copy bypassed the selected app language.	Picky/HUD/PickyReportViewer.swift
localized_source	common.zoomIn	en	Zoom In	Zoom In	Hardcoded UI copy bypassed the selected app language.	Picky/HUD/PickyReportViewer.swift
localized_source	common.zoomOut	ko	Zoom Out	축소	Hardcoded UI copy bypassed the selected app language.	Picky/HUD/PickyReportViewer.swift
localized_source	common.zoomOut	en	Zoom Out	Zoom Out	Hardcoded UI copy bypassed the selected app language.	Picky/HUD/PickyReportViewer.swift
catalog	dictation.noSpeech	ko	음성이 감지되지 않았어요. 버튼을 누른 상태에서 조금 더 길게 말해 주세요.	음성이 감지되지 않았어요. 음성 입력을 시작한 뒤 다시 말해 주세요.	사용자가 보는 동작과 대상을 구체적으로 표현하고 한국어 안내 말투를 맞춤.	Picky/BuddyDictationManager.swift: generic noSpeechDetectedMessage is shared across input sessions; configurable shortcuts and button input make a universal hold-button instruction unsafe.
catalog	dictation.noSpeech	en	No speech detected. Press and hold the button a little longer while speaking.	No speech detected. Start voice input and try speaking again.	사용자가 보는 동작과 대상을 구체적으로 표현하고 한국어 안내 말투를 맞춤.	Picky/BuddyDictationManager.swift: generic noSpeechDetectedMessage is shared across input sessions; configurable shortcuts and button input make a universal hold-button instruction unsafe.
catalog	directMessage.followUpDelivered	ko	선택한 Pickle에 follow-up 메시지를 예약했어요.	선택한 Pickle의 대기열에 후속 요청을 추가했어요.	사용자가 보는 동작과 대상을 구체적으로 표현하고 한국어 안내 말투를 맞춤.	Picky/CompanionManager.swift: sendPickleMessageFromInput sends .followUp and acknowledges queued submission, not a scheduled send time.
catalog	directMessage.followUpDelivered	en	Queued the follow-up message for the selected Pickle.	Added the follow-up message to the selected Pickle’s queue.	사용자가 보는 동작과 대상을 구체적으로 표현하고 한국어 안내 말투를 맞춤.	Picky/CompanionManager.swift: sendPickleMessageFromInput sends .followUp and acknowledges queued submission, not a scheduled send time.
localized_source	dock.archive.undo.accessibility	ko	Session archived. Undo available.	Pickle을 보관했어요. 실행 취소할 수 있어요.	Hardcoded UI copy bypassed the selected app language.	Picky/HUD/PickyHUDArchiveUndoToast.swift
localized_source	dock.archive.undo.accessibility	en	Session archived. Undo available.	Pickle archived. You can undo this.	Hardcoded UI copy bypassed the selected app language.	Picky/HUD/PickyHUDArchiveUndoToast.swift
catalog	dock.contextMenu.archive	ko	아카이브	보관	Pickle 브랜드 표기와 보관·도구 용어를 화면 전반에서 통일.	Picky/HUD/PickyHUDDockIconView.swift
catalog	dock.contextMenu.archive	en	Archive	Archive	Pickle 브랜드 표기와 보관·도구 용어를 화면 전반에서 통일.	Picky/HUD/PickyHUDDockIconView.swift
catalog	dock.contextMenu.pinInput	ko	Picky 입력을 이 피클에 고정	Picky 입력을 이 Pickle에 고정	Pickle 브랜드 표기와 보관·도구 용어를 화면 전반에서 통일.	Picky/HUD/PickyHUDDockIconView.swift
catalog	dock.contextMenu.pinInput	en	Pin Picky Input to This Pickle	Pin Picky Input to This Pickle	Pickle 브랜드 표기와 보관·도구 용어를 화면 전반에서 통일.	Picky/HUD/PickyHUDDockIconView.swift
catalog	dock.contextMenu.sendNextInput	ko	다음 Picky 입력을 이 피클로 보내기	다음 Picky 입력을 이 Pickle로 보내기	Pickle 브랜드 표기와 보관·도구 용어를 화면 전반에서 통일.	Picky/HUD/PickyHUDDockIconView.swift
catalog	dock.contextMenu.sendNextInput	en	Send Next Picky Input to This Pickle	Send Next Picky Input to This Pickle	Pickle 브랜드 표기와 보관·도구 용어를 화면 전반에서 통일.	Picky/HUD/PickyHUDDockIconView.swift
catalog	dock.drag.archive.label	ko	아카이브	보관	Pickle 브랜드 표기와 보관·도구 용어를 화면 전반에서 통일.	Picky/HUD/PickyHUDDockRailView.swift
catalog	dock.drag.archive.label	en	Archive	Archive	Pickle 브랜드 표기와 보관·도구 용어를 화면 전반에서 통일.	Picky/HUD/PickyHUDDockRailView.swift
localized_source	dock.group.addMember.accessibility	ko	".accessibilityLabel(""\(isSelected ? ""Remove"" : ""Add"") \(session.title) \(isSelected ? ""from"" : ""to"") group"")"	그룹에 %@ 추가	Localize dynamic group membership accessibility.	Picky/HUD/PickyDockGroupCreatorView.swift
localized_source	dock.group.addMember.accessibility	en	".accessibilityLabel(""\(isSelected ? ""Remove"" : ""Add"") \(session.title) \(isSelected ? ""from"" : ""to"") group"")"	Add %@ to group	Localize dynamic group membership accessibility.	Picky/HUD/PickyDockGroupCreatorView.swift
localized_source	dock.group.create.empty	ko	No Pickles to include yet. You can create the group now and drag Pickles in later.	추가할 Pickle이 없어요. 그룹을 먼저 만들고 나중에 Pickle을 끌어다 놓을 수 있어요.	Hardcoded UI copy bypassed the selected app language.	Picky/HUD/PickyDockGroupCreatorView.swift
localized_source	dock.group.create.empty	en	No Pickles to include yet. You can create the group now and drag Pickles in later.	No Pickles to add yet. Create the group now and drag Pickles into it later.	Hardcoded UI copy bypassed the selected app language.	Picky/HUD/PickyDockGroupCreatorView.swift
localized_source	dock.group.create.members	ko	Include Pickles	추가할 Pickle	Hardcoded UI copy bypassed the selected app language.	Picky/HUD/PickyDockGroupCreatorView.swift
localized_source	dock.group.create.members	en	Include Pickles	Include Pickles	Hardcoded UI copy bypassed the selected app language.	Picky/HUD/PickyDockGroupCreatorView.swift
localized_source	dock.group.create.name	ko	Name	이름	Hardcoded UI copy bypassed the selected app language.	Picky/HUD/PickyDockGroupCreatorView.swift
localized_source	dock.group.create.name	en	Name	Name	Hardcoded UI copy bypassed the selected app language.	Picky/HUD/PickyDockGroupCreatorView.swift
localized_source	dock.group.create.placeholder	ko	e.g. my-web-app	예: 웹사이트 작업	Localize hardcoded user-visible copy.	Picky/HUD/PickyDockGroupCreatorView.swift
localized_source	dock.group.create.placeholder	en	e.g. my-web-app	e.g. Website project	Localize hardcoded user-visible copy.	Picky/HUD/PickyDockGroupCreatorView.swift
localized_source	dock.group.create.selected	ko	\(selectedMemberIDs.count) selected	%lld개 선택됨	Localize hardcoded user-visible copy.	Picky/HUD/PickyDockGroupCreatorView.swift
localized_source	dock.group.create.selected	en	\(selectedMemberIDs.count) selected	%lld selected	Localize hardcoded user-visible copy.	Picky/HUD/PickyDockGroupCreatorView.swift
localized_source	dock.group.create.submit	ko	Create	만들기	Hardcoded UI copy bypassed the selected app language.	Picky/HUD/PickyDockGroupCreatorView.swift
localized_source	dock.group.create.submit	en	Create	Create	Hardcoded UI copy bypassed the selected app language.	Picky/HUD/PickyDockGroupCreatorView.swift
localized_source	dock.group.create.title	ko	New group	새 그룹	Hardcoded UI copy bypassed the selected app language.	Picky/HUD/PickyDockGroupCreatorView.swift
localized_source	dock.group.create.title	en	New group	New Group	Hardcoded UI copy bypassed the selected app language.	Picky/HUD/PickyDockGroupCreatorView.swift
localized_source	dock.group.removeMember.accessibility	ko	".accessibilityLabel(""\(isSelected ? ""Remove"" : ""Add"") \(session.title) \(isSelected ? ""from"" : ""to"") group"")"	그룹에서 %@ 제외	Localize dynamic group membership accessibility.	Picky/HUD/PickyDockGroupCreatorView.swift
localized_source	dock.group.removeMember.accessibility	en	".accessibilityLabel(""\(isSelected ? ""Remove"" : ""Add"") \(session.title) \(isSelected ? ""from"" : ""to"") group"")"	Remove %@ from group	Localize dynamic group membership accessibility.	Picky/HUD/PickyDockGroupCreatorView.swift
localized_source	dock.group.unreadCount	ko	\(unreadCount) unread	읽지 않음 %lld개	Localize hardcoded user-visible copy.	Picky/HUD/PickyHUDDockGroupViews.swift
localized_source	dock.group.unreadCount	en	\(unreadCount) unread	%lld unread	Localize hardcoded user-visible copy.	Picky/HUD/PickyHUDDockGroupViews.swift
localized_source	dock.handle.accessibility	ko	HUD dock handle	Pickle 독 이동 핸들	Hardcoded UI copy bypassed the selected app language.	Picky/HUD/PickyHUDDockRailView.swift
localized_source	dock.handle.accessibility	en	HUD dock handle	Pickle dock handle	Hardcoded UI copy bypassed the selected app language.	Picky/HUD/PickyHUDDockRailView.swift
localized_source	dock.handle.help	ko	Drag to move the Pickle dock. Crossing the middle of the screen switches the dock edge. Double-click to toggle between vertical and horizontal layouts.	끌어서 Pickle 독을 이동하세요. 화면 중앙을 넘으면 반대쪽 가장자리로 옮겨져요. 두 번 클릭하면 가로·세로 배치를 전환해요.	Hardcoded UI copy bypassed the selected app language.	Picky/HUD/PickyHUDDockRailView.swift
localized_source	dock.handle.help	en	Drag to move the Pickle dock. Crossing the middle of the screen switches the dock edge. Double-click to toggle between vertical and horizontal layouts.	Drag to move the Pickle dock. Cross the middle of the screen to switch edges. Double-click to switch between vertical and horizontal layouts.	Hardcoded UI copy bypassed the selected app language.	Picky/HUD/PickyHUDDockRailView.swift
localized_source	dock.pickle.interaction.help	ko	Click to open or close. Press and hold for 1.5 seconds to archive this Pickle.	클릭하면 열거나 닫아요. 1.5초 동안 누르면 이 Pickle을 보관해요.	Hardcoded UI copy bypassed the selected app language.	Picky/HUD/PickyHUDDockIconView.swift
localized_source	dock.pickle.interaction.help	en	Click to open or close. Press and hold for 1.5 seconds to archive this Pickle.	Click to open or close. Press and hold for 1.5 seconds to archive this Pickle.	Hardcoded UI copy bypassed the selected app language.	Picky/HUD/PickyHUDDockIconView.swift
localized_source	dock.pickle.open.accessibility	ko	Preview \(session.title)	%@ 열거나 닫기	같은 버튼이 열기와 닫기를 모두 수행	Picky/HUD/PickyHUDDockIconView.swift
localized_source	dock.pickle.open.accessibility	en	Preview \(session.title)	Open or close %@	같은 버튼이 열기와 닫기를 모두 수행	Picky/HUD/PickyHUDDockIconView.swift
localized_source	dock.pickle.unread.help	ko	This Pickle has updates you haven't seen yet.	아직 읽지 않은 업데이트가 있어요.	Hardcoded UI copy bypassed the selected app language.	Picky/HUD/PickyHUDDockIconView.swift
localized_source	dock.pickle.unread.help	en	This Pickle has updates you haven't seen yet.	This Pickle has unread updates.	Hardcoded UI copy bypassed the selected app language.	Picky/HUD/PickyHUDDockIconView.swift
localized_source	dock.pickle.untitled	ko	Untitled Pickle	이름 없는 Pickle	Hardcoded UI copy bypassed the selected app language.	Picky/HUD/PickyDockGroupCreatorView.swift
localized_source	dock.pickle.untitled	en	Untitled Pickle	Untitled Pickle	Hardcoded UI copy bypassed the selected app language.	Picky/HUD/PickyDockGroupCreatorView.swift
catalog	dock.recentFolders.empty	ko	아직 최근 폴더가 없습니다. 작업 폴더를 선택해 첫 피클을 시작하세요.	최근 작업 폴더가 없어요. 폴더를 선택해 Pickle을 시작하세요.	사용자가 보는 동작과 대상을 구체적으로 표현하고 한국어 안내 말투를 맞춤.	Picky/HUD/PickyRecentPickleFolderPicker.swift
catalog	dock.recentFolders.empty	en	No recent folders yet. Choose a working folder to start your first Pickle.	No recent working folders. Choose a folder to start a Pickle.	사용자가 보는 동작과 대상을 구체적으로 표현하고 한국어 안내 말투를 맞춤.	Picky/HUD/PickyRecentPickleFolderPicker.swift
catalog	dock.recentFolders.newGroup.hint	ko	이름과 선택적 초기 피클로 독 그룹 만들기	그룹 이름을 정하고, 원하면 Pickle을 추가하세요	사용자가 보는 동작과 대상을 구체적으로 표현하고 한국어 안내 말투를 맞춤.	Picky/HUD/PickyRecentPickleFolderPicker.swift
catalog	dock.recentFolders.newGroup.hint	en	Create a dock group with a name and optional initial Pickles	Name the group and optionally add Pickles	사용자가 보는 동작과 대상을 구체적으로 표현하고 한국어 안내 말투를 맞춤.	Picky/HUD/PickyRecentPickleFolderPicker.swift
catalog	dock.recentFolders.pin.hint	ko	이 폴더를 목록 상단에 고정합니다	이 폴더를 목록 상단에 고정해요	사용자가 보는 동작과 대상을 구체적으로 표현하고 한국어 안내 말투를 맞춤.	Picky/HUD/PickyRecentPickleFolderPicker.swift
catalog	dock.recentFolders.pin.hint	en	Keep this folder at the top of the picker	Keep this folder at the top of the picker	사용자가 보는 동작과 대상을 구체적으로 표현하고 한국어 안내 말투를 맞춤.	Picky/HUD/PickyRecentPickleFolderPicker.swift
catalog	dock.recentFolders.remove.hint	ko	폴더 자체는 삭제하지 않습니다	폴더 자체는 삭제하지 않아요	사용자가 보는 동작과 대상을 구체적으로 표현하고 한국어 안내 말투를 맞춤.	Picky/HUD/PickyRecentPickleFolderPicker.swift
catalog	dock.recentFolders.remove.hint	en	This does not delete the folder	This does not delete the folder	사용자가 보는 동작과 대상을 구체적으로 표현하고 한국어 안내 말투를 맞춤.	Picky/HUD/PickyRecentPickleFolderPicker.swift
catalog	dock.recentFolders.reorder.hint	ko	드래그하여 고정 폴더 순서를 변경합니다	드래그해 고정 폴더의 순서를 바꾸세요	사용자가 보는 동작과 대상을 구체적으로 표현하고 한국어 안내 말투를 맞춤.	Picky/HUD/PickyRecentPickleFolderPicker.swift
catalog	dock.recentFolders.reorder.hint	en	Drag to reorder pinned folders	Drag to reorder pinned folders	사용자가 보는 동작과 대상을 구체적으로 표현하고 한국어 안내 말투를 맞춤.	Picky/HUD/PickyRecentPickleFolderPicker.swift
catalog	dock.recentFolders.unpin.hint	ko	이 폴더를 최근 폴더로 되돌립니다	이 폴더를 최근 폴더 목록으로 옮겨요	사용자가 보는 동작과 대상을 구체적으로 표현하고 한국어 안내 말투를 맞춤.	Picky/HUD/PickyRecentPickleFolderPicker.swift
catalog	dock.recentFolders.unpin.hint	en	Move this folder back to recent folders	Move this folder back to recent folders	사용자가 보는 동작과 대상을 구체적으로 표현하고 한국어 안내 말투를 맞춤.	Picky/HUD/PickyRecentPickleFolderPicker.swift
catalog	dock.startPickle	ko	피클 시작	Pickle 시작	Pickle 브랜드 표기와 보관·도구 용어를 화면 전반에서 통일.	Picky/HUD/PickyHUDDockRailView+RecentFolderPicker.swift; Picky/HUD/PickyHUDDockGroupViews.swift; Picky/HUD/PickyRecentPickleFolderPicker.swift
catalog	dock.startPickle	en	Start Pickle	Start Pickle	Pickle 브랜드 표기와 보관·도구 용어를 화면 전반에서 통일.	Picky/HUD/PickyHUDDockRailView+RecentFolderPicker.swift; Picky/HUD/PickyHUDDockGroupViews.swift; Picky/HUD/PickyRecentPickleFolderPicker.swift
catalog	dock.startPickleIn	ko	%@에서 피클 시작	%@에서 Pickle 시작	Pickle 브랜드 표기와 보관·도구 용어를 화면 전반에서 통일.	Picky/HUD/PickyRecentPickleFolderPicker.swift
catalog	dock.startPickleIn	en	Start Pickle in %@	Start Pickle in %@	Pickle 브랜드 표기와 보관·도구 용어를 화면 전반에서 통일.	Picky/HUD/PickyRecentPickleFolderPicker.swift
localized_source	dock.unread	ko	Unread	읽지 않음	Hardcoded UI copy bypassed the selected app language.	Picky/HUD/PickyHUDDockIconView.swift
localized_source	dock.unread	en	Unread	Unread	Hardcoded UI copy bypassed the selected app language.	Picky/HUD/PickyHUDDockIconView.swift
catalog	enum.armedPickleDispatchMode.followUp	ko	Follow-up	응답 후 전달	전문용어·혼용 표현을 줄이고 사용자의 행동을 명확히 안내	Picky/App/Settings/PickySettings.swift
catalog	enum.armedPickleDispatchMode.followUp	en	Follow-up	After current response	전문용어·혼용 표현을 줄이고 사용자의 행동을 명확히 안내	Picky/App/Settings/PickySettings.swift
catalog	enum.armedPickleDispatchMode.steer	ko	Steer	작업 중 전달	전문용어·혼용 표현을 줄이고 사용자의 행동을 명확히 안내	Picky/App/Settings/PickySettings.swift
catalog	enum.armedPickleDispatchMode.steer	en	Steer	During current work	전문용어·혼용 표현을 줄이고 사용자의 행동을 명확히 안내	Picky/App/Settings/PickySettings.swift
catalog	error.directMessage.contextEmpty	ko	메시지를 전송하지 못했어요: 캡처된 컨텍스트가 비어있어요.	메시지와 함께 보낼 화면·작업 정보를 가져오지 못했어요. 다시 요청해 주세요.	사용자가 보는 동작과 대상을 구체적으로 표현하고 한국어 안내 말투를 맞춤.	Picky/CompanionManager.swift
catalog	error.directMessage.contextEmpty	en	Couldn’t send message: Context capture returned no packet.	Could not capture screen or task context for this message. Try sending your request again.	사용자가 보는 동작과 대상을 구체적으로 표현하고 한국어 안내 말투를 맞춤.	Picky/CompanionManager.swift
catalog	error.directMessage.startFailed	ko	새 메시지 세션을 시작하지 못했어요: %@	새 대화를 시작하지 못했어요: %@	사용자가 보는 동작과 대상을 구체적으로 표현하고 한국어 안내 말투를 맞춤.	Picky/CompanionManager.swift
catalog	error.directMessage.startFailed	en	Couldn’t start a new message session: %@	Couldn’t start a new conversation: %@	사용자가 보는 동작과 대상을 구체적으로 표현하고 한국어 안내 말투를 맞춤.	Picky/CompanionManager.swift
catalog	extensions.cron.action.setupDaemon	ko	데몬 설정	예약 자동 실행 설정	전문용어·혼용 표현을 줄이고 사용자의 행동을 명확히 안내	Picky/Companion/CompanionPanelExtensionsView.swift
catalog	extensions.cron.action.setupDaemon	en	Set up daemon	Set up background scheduling	전문용어·혼용 표현을 줄이고 사용자의 행동을 명확히 안내	Picky/Companion/CompanionPanelExtensionsView.swift
catalog	extensions.cron.jobs.back	ko	Extensions	플러그인	전문용어·혼용 표현을 줄이고 사용자의 행동을 명확히 안내	Picky/Companion/PickyCronJobsView.swift
catalog	extensions.cron.jobs.back	en	Extensions	Plugins	전문용어·혼용 표현을 줄이고 사용자의 행동을 명확히 안내	Picky/Companion/PickyCronJobsView.swift
catalog	extensions.cron.jobs.missing.description	ko	Cron 데몬을 설정하거나 Pi에서 작업을 만든 뒤 새로고침하세요.	Cron 백그라운드 실행을 설정하거나 Pi에서 작업을 만든 뒤 새로고침해 주세요.	전문용어·혼용 표현을 줄이고 사용자의 행동을 명확히 안내	Picky/Companion/PickyCronJobsView.swift
catalog	extensions.cron.jobs.missing.description	en	Set up the Cron daemon or create a job in Pi, then refresh this page.	Set up Cron’s background service or create a job in Pi, then refresh this page.	전문용어·혼용 표현을 줄이고 사용자의 행동을 명확히 안내	Picky/Companion/PickyCronJobsView.swift
catalog	extensions.cron.jobs.unreadable.description	ko	Cron 작업 저장소 권한을 확인한 뒤 다시 불러오세요.	Cron 작업 저장소 권한을 확인한 뒤 새로고침해 주세요.	실제 버튼 이름인 새로고침과 안내를 일치	Picky/Companion/PickyCronJobsView.swift; Picky/Hub/Pages/PickyHubCalendarPage.swift
catalog	extensions.cron.jobs.unreadable.description	en	Check the Cron job store permissions, then reload.	Check the Cron job store permissions, then refresh.	실제 버튼 이름인 새로고침과 안내를 일치	Picky/Companion/PickyCronJobsView.swift; Picky/Hub/Pages/PickyHubCalendarPage.swift
catalog	extensions.cron.remove.confirm.message	ko	Picky가 Cron 제거를 실행하고 macOS LaunchAgent가 내려갔는지 확인한 다음 npm 패키지를 제거해요.	Cron 백그라운드 서비스를 중지·제거하고, 중지 여부를 확인한 뒤 플러그인을 제거해요.	전문용어·혼용 표현을 줄이고 사용자의 행동을 명확히 안내	Picky/Companion/CompanionPanelExtensionsView.swift; agentd/src/application/cron-package-lifecycle.ts: uninstall and durable postcondition verification
catalog	extensions.cron.remove.confirm.message	en	Picky will run Cron uninstall, verify that the macOS LaunchAgent is unloaded, and only then remove the npm package.	Picky will stop and uninstall the Cron background service, verify that it has stopped, then remove the plugin.	전문용어·혼용 표현을 줄이고 사용자의 행동을 명확히 안내	Picky/Companion/CompanionPanelExtensionsView.swift; agentd/src/application/cron-package-lifecycle.ts: uninstall and durable postcondition verification
catalog	extensions.cron.remove.confirm.title	ko	Cron과 데몬을 제거할까요?	Cron과 백그라운드 서비스를 제거할까요?	전문용어·혼용 표현을 줄이고 사용자의 행동을 명확히 안내	Picky/Companion/CompanionPanelExtensionsView.swift; agentd/src/application/cron-package-lifecycle.ts: uninstall and durable postcondition verification
catalog	extensions.cron.remove.confirm.title	en	Remove Cron and its daemon?	Remove Cron and its background service?	전문용어·혼용 표현을 줄이고 사용자의 행동을 명확히 안내	Picky/Companion/CompanionPanelExtensionsView.swift; agentd/src/application/cron-package-lifecycle.ts: uninstall and durable postcondition verification
catalog	extensions.curated.askUserQuestion.description	ko	Pi가 확인이 필요할 때 radio·checkbox·text 질문을 한 폼으로 구조화해서 받을 수 있어요.	Pi가 확인할 내용이 있으면 단일 선택·복수 선택·텍스트 입력 질문을 한 화면에 보여줘요.	전문용어·혼용 표현을 줄이고 사용자의 행동을 명확히 안내	Picky/Companion/CompanionPanelExtensionsView.swift
catalog	extensions.curated.askUserQuestion.description	en	Ask structured radio, checkbox, and text questions in one form when Pi needs clarification.	Ask structured radio, checkbox, and text questions in one form when Pi needs clarification.	전문용어·혼용 표현을 줄이고 사용자의 행동을 명확히 안내	Picky/Companion/CompanionPanelExtensionsView.swift
catalog	extensions.curated.autoName.description	ko	첫 사용자 메시지를 바탕으로 Pi 세션 이름을 자동 지정해 여러 작업을 쉽게 구분할 수 있어요.	첫 메시지를 바탕으로 Pi 대화 이름을 자동으로 정해 여러 작업을 쉽게 구분할 수 있어요.	전문용어·혼용 표현을 줄이고 사용자의 행동을 명확히 안내	Picky/Companion/CompanionPanelExtensionsView.swift
catalog	extensions.curated.autoName.description	en	Automatically name Pi sessions from the first user message so many open tasks stay easy to recognize.	Automatically name Pi sessions from the first user message so many open tasks stay easy to recognize.	전문용어·혼용 표현을 줄이고 사용자의 행동을 명확히 안내	Picky/Companion/CompanionPanelExtensionsView.swift
catalog	extensions.curated.comingSoon	ko	곧 추가돼요 — 유용한 Picky 플러그인들을 큐레이션해서 소개할 예정이에요.	유용한 Picky 플러그인을 모아 소개할 예정이에요.	불필요한 홍보성 표현과 확정되지 않은 시점 약속 제거	Picky/Resources/Localizable.xcstrings (catalog entry; no direct Swift consumer found)
catalog	extensions.curated.comingSoon	en	Coming soon — a curated list of useful Picky plugins will appear here.	Useful Picky plugins will be listed here.	불필요한 홍보성 표현과 확정되지 않은 시점 약속 제거	Picky/Resources/Localizable.xcstrings (catalog entry; no direct Swift consumer found)
catalog	extensions.curated.cron.description	ko	로컬 Pi 작업을 예약해요. 설치·업데이트 시 지속 실행되는 macOS LaunchAgent를 설정하고, Cron 제거 시 해당 데몬도 함께 제거해요.	Mac의 백그라운드 서비스로 Pi 작업을 예약해요. Cron을 설치하면 서비스가 설정되고, Cron을 제거하면 서비스도 제거돼요.	업데이트가 중지된 서비스를 실행하거나 자동 재설정한다는 오해 방지	agentd/src/application/cron-package-lifecycle.ts: reconcile; updateInstalledRuntime preserves stopped state and blocks mismatched-plist migration
catalog	extensions.curated.cron.description	en	Schedule local Pi jobs. Install and update configure a persistent macOS LaunchAgent; removing Cron also removes that daemon.	Schedule local Pi jobs using a macOS background service. Installing Cron sets up the service; removing Cron removes it too.	업데이트가 중지된 서비스를 실행하거나 자동 재설정한다는 오해 방지	agentd/src/application/cron-package-lifecycle.ts: reconcile; updateInstalledRuntime preserves stopped state and blocks mismatched-plist migration
catalog	extensions.curated.delayedAction.description	ko	`/delay` 명령어 또는 `delay` tool로 지정한 시간 뒤 후속 프롬프트를 예약할 수 있어요.	`/delay` 명령어 또는 `delay` 도구로 지정한 시간 뒤 보낼 후속 메시지를 예약해요.	전문용어·혼용 표현을 줄이고 사용자의 행동을 명확히 안내	Picky/Companion/CompanionPanelExtensionsView.swift
catalog	extensions.curated.delayedAction.description	en	Schedule delayed follow-up prompts with `/delay` or the `delay` tool.	Schedule delayed follow-up prompts with `/delay` or the `delay` tool.	전문용어·혼용 표현을 줄이고 사용자의 행동을 명확히 안내	Picky/Companion/CompanionPanelExtensionsView.swift
catalog	extensions.curated.heading	ko	큐레이션 플러그인	추천 플러그인	전문용어·혼용 표현을 줄이고 사용자의 행동을 명확히 안내	Picky/Companion/CompanionPanelExtensionsView.swift
catalog	extensions.curated.heading	en	Curated plugins	Recommended plugins	전문용어·혼용 표현을 줄이고 사용자의 행동을 명확히 안내	Picky/Companion/CompanionPanelExtensionsView.swift
catalog	extensions.curated.memoryLayer.description	ko	Pi가 세션 간 재사용할 수 있는 로컬 장기 메모리를 저장·검색·목록 조회·삭제해요.	Pi가 다른 대화에서도 참고할 수 있도록 이 Mac에 기억을 저장하고, 검색·조회·삭제해요.	전문용어·혼용 표현을 줄이고 사용자의 행동을 명확히 안내	Picky/Companion/CompanionPanelExtensionsView.swift
catalog	extensions.curated.memoryLayer.description	en	Save, recall, list, and forget durable local memories that Pi can reuse across sessions.	Save, recall, list, and forget durable local memories that Pi can reuse across sessions.	전문용어·혼용 표현을 줄이고 사용자의 행동을 명확히 안내	Picky/Companion/CompanionPanelExtensionsView.swift
catalog	extensions.curated.subagent.description	ko	run·batch·chain 워크플로우로 코딩·조사 작업을 서브에이전트에 위임합니다.	run·batch·chain 방식으로 코딩·조사 작업을 서브에이전트에 맡겨요.	전문용어·혼용 표현을 줄이고 사용자의 행동을 명확히 안내	Picky/Companion/CompanionPanelExtensionsView.swift
catalog	extensions.curated.subagent.description	en	Delegate coding and research tasks to asynchronous subagents with run, batch, and chain workflows.	Delegate coding and research tasks to asynchronous subagents with run, batch, and chain workflows.	전문용어·혼용 표현을 줄이고 사용자의 행동을 명확히 안내	Picky/Companion/CompanionPanelExtensionsView.swift
catalog	extensions.curated.todoWriteOverlay.description	ko	`todo_write` 도구로 세션별 구조화된 할 일을 만들고 갱신하며 진행 상황을 우측 상단 오버레이로 확인할 수 있어요.	`todo_write` 도구로 대화별 할 일을 만들고 수정하며, 화면 오른쪽 위에서 진행 상황을 확인해요.	전문용어·혼용 표현을 줄이고 사용자의 행동을 명확히 안내	Picky/Companion/CompanionPanelExtensionsView.swift
catalog	extensions.curated.todoWriteOverlay.description	en	Create and update structured session todos with the `todo_write` tool and track progress in a passive top-right overlay.	Create and update structured session todos with the `todo_write` tool and track progress in a passive top-right overlay.	전문용어·혼용 표현을 줄이고 사용자의 행동을 명확히 안내	Picky/Companion/CompanionPanelExtensionsView.swift
localized_source	feedback.attachment.attach	ko	Attach	첨부	첨부 대상과 오류 해결 방법을 명확히 안내	Picky/Feedback/CompanionPanelFeedbackView.swift
localized_source	feedback.attachment.attach	en	Attach	Attach	첨부 대상과 오류 해결 방법을 명확히 안내	Picky/Feedback/CompanionPanelFeedbackView.swift
localized_source	feedback.attachment.choose	ko	Choose up to \(MediaAttachmentPolicy.maxCount) files.	파일을 최대 %1$lld개까지 선택해 주세요.	첨부 대상과 오류 해결 방법을 명확히 안내	Picky/Feedback/CompanionPanelFeedbackView.swift
localized_source	feedback.attachment.choose	en	Choose up to \(MediaAttachmentPolicy.maxCount) files.	Choose up to %1$lld files.	첨부 대상과 오류 해결 방법을 명확히 안내	Picky/Feedback/CompanionPanelFeedbackView.swift
localized_source	feedback.attachment.moreNotices	ko	"return unique.prefix(2).joined(separator: "" "") + "" +\(unique.count - 2) more."""	첨부 문제 %1$lld개가 더 있어요.	첨부 대상과 오류 해결 방법을 명확히 안내	Picky/Feedback/CompanionPanelFeedbackView.swift
localized_source	feedback.attachment.moreNotices	en	"return unique.prefix(2).joined(separator: "" "") + "" +\(unique.count - 2) more."""	%1$lld more attachment issues.	첨부 대상과 오류 해결 방법을 명확히 안내	Picky/Feedback/CompanionPanelFeedbackView.swift
localized_source	feedback.attachment.notRegular	ko	Cannot attach \(filename). Choose a regular file.	%1$@을(를) 첨부할 수 없어요. 일반 파일을 선택해 주세요.	폴더 외 특수 파일도 제외하는 실제 검사 조건 반영	Picky/Feedback/CompanionPanelFeedbackView.swift
localized_source	feedback.attachment.notRegular	en	Cannot attach \(filename). Choose a regular file.	Cannot attach %1$@. Choose a regular file.	폴더 외 특수 파일도 제외하는 실제 검사 조건 반영	Picky/Feedback/CompanionPanelFeedbackView.swift
localized_source	feedback.attachment.panelTitle	ko	Attach files	파일 첨부	첨부 대상과 오류 해결 방법을 명확히 안내	Picky/Feedback/CompanionPanelFeedbackView.swift
localized_source	feedback.attachment.panelTitle	en	Attach files	Attach files	첨부 대상과 오류 해결 방법을 명확히 안내	Picky/Feedback/CompanionPanelFeedbackView.swift
localized_source	feedback.attachment.remove	ko	".buttonStyle(.plain)
            .disabled(status == .sending)
            .hoverAffordance()"	첨부 파일 %1$@ 제거	아이콘 버튼이 제거하는 대상을 명시	Picky/Feedback/CompanionPanelFeedbackView.swift
localized_source	feedback.attachment.remove	en	".buttonStyle(.plain)
            .disabled(status == .sending)
            .hoverAffordance()"	Remove %1$@ from attachments	아이콘 버튼이 제거하는 대상을 명시	Picky/Feedback/CompanionPanelFeedbackView.swift
localized_source	feedback.attachment.tooLarge	ko	\(filename) is \(Self.format(byteCount)); max is \(Self.format(MediaAttachmentPolicy.maxFileBytes)).	%1$@의 크기는 %2$@예요. %3$@ 이하의 파일을 선택해 주세요.	최대 크기 경계값 포함	Picky/Feedback/CompanionPanelFeedbackView.swift
localized_source	feedback.attachment.tooLarge	en	\(filename) is \(Self.format(byteCount)); max is \(Self.format(MediaAttachmentPolicy.maxFileBytes)).	%1$@ is %2$@. Choose a file no larger than %3$@.	최대 크기 경계값 포함	Picky/Feedback/CompanionPanelFeedbackView.swift
localized_source	feedback.attachment.tooMany	ko	Attach up to \(MediaAttachmentPolicy.maxCount) files.	파일은 최대 %1$lld개까지 첨부할 수 있어요.	첨부 대상과 오류 해결 방법을 명확히 안내	Picky/Feedback/CompanionPanelFeedbackView.swift
localized_source	feedback.attachment.tooMany	en	Attach up to \(MediaAttachmentPolicy.maxCount) files.	Attach up to %1$lld files.	첨부 대상과 오류 해결 방법을 명확히 안내	Picky/Feedback/CompanionPanelFeedbackView.swift
localized_source	feedback.attachment.totalTooLarge	ko	Selected files are \(Self.format(byteCount)); total max is \(Self.format(MediaAttachmentPolicy.maxTotalBytes)).	이 파일을 추가하면 첨부 파일 합계가 %1$@가 돼요. 합계는 %2$@ 이하여야 해요.	추가에 실패한 파일을 포함한 예상 총량임을 명시	Picky/Feedback/CompanionPanelFeedbackView.swift
localized_source	feedback.attachment.totalTooLarge	en	Selected files are \(Self.format(byteCount)); total max is \(Self.format(MediaAttachmentPolicy.maxTotalBytes)).	Adding this file would bring attachments to %1$@. Keep the total at or below %2$@.	추가에 실패한 파일을 포함한 예상 총량임을 명시	Picky/Feedback/CompanionPanelFeedbackView.swift
localized_source	feedback.category.bug	ko	Bug	오류 신고	피드백 분류 한국어 지원	Picky/Feedback/CompanionPanelFeedbackView.swift
localized_source	feedback.category.bug	en	Bug	Bug report	피드백 분류 한국어 지원	Picky/Feedback/CompanionPanelFeedbackView.swift
localized_source	feedback.category.idea	ko	Idea	개선 제안	피드백 분류 한국어 지원	Picky/Feedback/CompanionPanelFeedbackView.swift
localized_source	feedback.category.idea	en	Idea	Suggestion	피드백 분류 한국어 지원	Picky/Feedback/CompanionPanelFeedbackView.swift
localized_source	feedback.category.other	ko	Other	기타	피드백 분류 한국어 지원	Picky/Feedback/CompanionPanelFeedbackView.swift
localized_source	feedback.category.other	en	Other	Other	피드백 분류 한국어 지원	Picky/Feedback/CompanionPanelFeedbackView.swift
localized_source	feedback.diagnostics.full	ko	Full bundle	오류 기록 및 설정	첨부 대상과 오류 해결 방법을 명확히 안내	Picky/Feedback/CompanionPanelFeedbackView.swift
localized_source	feedback.diagnostics.full	en	Full bundle	Error logs + settings	첨부 대상과 오류 해결 방법을 명확히 안내	Picky/Feedback/CompanionPanelFeedbackView.swift
localized_source	feedback.diagnostics.fullHint	ko	Logs only + sanitized settings.json (API keys masked). Chat/tool arguments/results are still excluded.	오류 기록에 API 키를 가린 앱 설정을 추가해요. 대화 기록이나 도구 입력·결과를 별도 파일로 첨부하지는 않아요. 로그에는 민감한 내용이 남아 있을 수 있어요.	진단 제외 범위와 로그 잔존 가능성 구분	Picky/Feedback/CompanionPanelFeedbackView.swift
localized_source	feedback.diagnostics.fullHint	en	Logs only + sanitized settings.json (API keys masked). Chat/tool arguments/results are still excluded.	Also includes app settings with API keys masked. No separate chat transcript or tool inputs/results are attached. Logs may still contain sensitive text.	진단 제외 범위와 로그 잔존 가능성 구분	Picky/Feedback/CompanionPanelFeedbackView.swift
localized_source	feedback.diagnostics.logs	ko	Logs only	오류 기록	첨부 대상과 오류 해결 방법을 명확히 안내	Picky/Feedback/CompanionPanelFeedbackView.swift
localized_source	feedback.diagnostics.logs	en	Logs only	Error logs	첨부 대상과 오류 해결 방법을 명확히 안내	Picky/Feedback/CompanionPanelFeedbackView.swift
localized_source	feedback.diagnostics.logsHint	ko	Attaches stderr, OSLog, metadata, and tool-name-only activity. User chat, tool arguments, and tool results are never included.	오류 기록, 앱·시스템 정보, 사용한 도구 이름을 Picky 팀에 보내요. 대화 기록이나 도구 입력·결과를 별도 파일로 첨부하지는 않아요. 로그에는 민감한 내용이 남아 있을 수 있어요.	로그 가림은 최선 노력이며 개인정보 제외를 단정하지 않음	Picky/Feedback/CompanionPanelFeedbackView.swift
localized_source	feedback.diagnostics.logsHint	en	Attaches stderr, OSLog, metadata, and tool-name-only activity. User chat, tool arguments, and tool results are never included.	Sends error logs, app and system information, and tool names to the Picky team. No separate chat transcript or tool inputs/results are attached. Logs may still contain sensitive text.	로그 가림은 최선 노력이며 개인정보 제외를 단정하지 않음	Picky/Feedback/CompanionPanelFeedbackView.swift
localized_source	feedback.diagnostics.off	ko	Off	첨부 안 함	첨부 대상과 오류 해결 방법을 명확히 안내	Picky/Feedback/CompanionPanelFeedbackView.swift
localized_source	feedback.diagnostics.off	en	Off	None	첨부 대상과 오류 해결 방법을 명확히 안내	Picky/Feedback/CompanionPanelFeedbackView.swift
localized_source	feedback.diagnostics.offHint	ko	No file attached. Useful for ideas or quick notes.	진단 파일은 보내지 않아요. 위에서 직접 선택한 파일은 첨부돼요.	첨부 대상과 오류 해결 방법을 명확히 안내	Picky/Feedback/CompanionPanelFeedbackView.swift
localized_source	feedback.diagnostics.offHint	en	No file attached. Useful for ideas or quick notes.	No diagnostic files will be sent. Files you selected above will still be attached.	첨부 대상과 오류 해결 방법을 명확히 안내	Picky/Feedback/CompanionPanelFeedbackView.swift
localized_source	feedback.diagnostics.title	ko	Attach diagnostics	문제 진단 정보	진단 첨부 라벨 한국어 지원	Picky/Feedback/CompanionPanelFeedbackView.swift
localized_source	feedback.diagnostics.title	en	Attach diagnostics	Diagnostic information	진단 첨부 라벨 한국어 지원	Picky/Feedback/CompanionPanelFeedbackView.swift
catalog	feedback.sendFailure.diagnostics	ko	진단 번들을 준비하지 못했어요. 진단 파일 없이 다시 시도해 보세요.	진단 파일을 준비하지 못했어요. 진단 파일 첨부를 끄고 다시 시도해 주세요.	전문용어·혼용 표현을 줄이고 사용자의 행동을 명확히 안내	Picky/Feedback/CompanionPanelFeedbackView.swift
catalog	feedback.sendFailure.diagnostics	en	Couldn’t prepare the diagnostics bundle. Try again without diagnostics.	Couldn’t prepare diagnostic files. Turn off diagnostics and try again.	전문용어·혼용 표현을 줄이고 사용자의 행동을 명확히 안내	Picky/Feedback/CompanionPanelFeedbackView.swift
catalog	feedback.sent	ko	보냈어요 — 고마워요!	보냈어요. 고마워요!	과도한 구두점 제거	Picky/Feedback/CompanionPanelFeedbackView.swift
catalog	feedback.sent	en	Sent — thanks!	Sent. Thank you!	과도한 구두점 제거	Picky/Feedback/CompanionPanelFeedbackView.swift
catalog	footer.dock.hide	ko	Dock 숨기기	도크 숨기기	전문용어·혼용 표현을 줄이고 사용자의 행동을 명확히 안내	Picky/HUD/PickyHUDVisibilityStore.swift
catalog	footer.dock.hide	en	Hide Dock	Hide Dock	전문용어·혼용 표현을 줄이고 사용자의 행동을 명확히 안내	Picky/HUD/PickyHUDVisibilityStore.swift
catalog	footer.dock.show	ko	Dock 표시	도크 표시	전문용어·혼용 표현을 줄이고 사용자의 행동을 명확히 안내	Picky/HUD/PickyHUDVisibilityStore.swift
catalog	footer.dock.show	en	Show Dock	Show Dock	전문용어·혼용 표현을 줄이고 사용자의 행동을 명확히 안내	Picky/HUD/PickyHUDVisibilityStore.swift
catalog	footer.quit.body	ko	Picky가 메뉴바에서 종료되며, 진행 중인 로컬 세션이 중단될 수 있어요.	Picky를 종료하면 메뉴 막대에서도 사라져요. 진행 중인 작업이 중단될 수 있어요.	전문용어·혼용 표현을 줄이고 사용자의 행동을 명확히 안내	Picky/Hub/PickyHubSidebarView.swift; Picky/Companion/CompanionPanelFooterView.swift
catalog	footer.quit.body	en	Picky will stop running in the menu bar and ongoing local sessions may be interrupted.	Picky will quit and leave the menu bar. Ongoing work may be interrupted.	전문용어·혼용 표현을 줄이고 사용자의 행동을 명확히 안내	Picky/Hub/PickyHubSidebarView.swift; Picky/Companion/CompanionPanelFooterView.swift
catalog	footer.restart.body	ko	재시작이 필요한 설정을 적용하기 위해 Picky를 종료한 뒤 다시 열어요. 진행 중인 로컬 세션이 중단될 수 있어요.	설정을 적용하기 위해 Picky를 종료한 뒤 다시 열어요. 진행 중인 작업이 중단될 수 있어요.	전문용어·혼용 표현을 줄이고 사용자의 행동을 명확히 안내	Picky/Hub/PickyHubSidebarView.swift; Picky/Companion/CompanionPanelFooterView.swift
catalog	footer.restart.body	en	Picky will quit and reopen so restart-required settings can take effect. Ongoing local sessions may be interrupted.	Picky will quit and reopen to apply settings that require a restart. Ongoing work may be interrupted.	전문용어·혼용 표현을 줄이고 사용자의 행동을 명확히 안내	Picky/Hub/PickyHubSidebarView.swift; Picky/Companion/CompanionPanelFooterView.swift
catalog	group.delete.confirm.archive	ko	피클 보관	Pickle 보관	Pickle 브랜드 표기와 보관·도구 용어를 화면 전반에서 통일.	Picky/HUD/PickyHUDDockGroupViews.swift
catalog	group.delete.confirm.archive	en	Archive Pickles	Archive Pickles	Pickle 브랜드 표기와 보관·도구 용어를 화면 전반에서 통일.	Picky/HUD/PickyHUDDockGroupViews.swift
catalog	group.delete.confirm.message	ko	이 그룹 안의 모든 피클이 보관됩니다. 보관 목록에서 다시 복원할 수 있습니다.	이 그룹의 모든 Pickle을 보관해요. 보관 목록에서 다시 복원할 수 있어요.	사용자가 보는 동작과 대상을 구체적으로 표현하고 한국어 안내 말투를 맞춤.	Picky/HUD/PickyHUDDockGroupViews.swift
catalog	group.delete.confirm.message	en	All Pickles inside this group will be archived. You can restore them from the archive list.	All Pickles inside this group will be archived. You can restore them from the archive list.	사용자가 보는 동작과 대상을 구체적으로 표현하고 한국어 안내 말투를 맞춤.	Picky/HUD/PickyHUDDockGroupViews.swift
catalog	group.delete.confirm.title	ko	"""%@"" 그룹을 삭제하고 피클을 보관할까요?"	"""%@"" 그룹을 삭제하고 Pickle을 보관할까요?"	Pickle 브랜드 표기와 보관·도구 용어를 화면 전반에서 통일.	Picky/HUD/PickyHUDDockGroupViews.swift
catalog	group.delete.confirm.title	en	"Delete ""%@"" and archive its Pickles?"	"Delete ""%@"" and archive its Pickles?"	Pickle 브랜드 표기와 보관·도구 용어를 화면 전반에서 통일.	Picky/HUD/PickyHUDDockGroupViews.swift
catalog	group.folder.accessibility.value	ko	피클 %1$lld개, 안 읽음 %2$lld개	Pickle %1$lld개, 안 읽음 %2$lld개	Pickle 브랜드 표기와 보관·도구 용어를 화면 전반에서 통일.	Picky/HUD/PickyHUDDockRailView.swift
catalog	group.folder.accessibility.value	en	%1$lld Pickles, %2$lld unread	%1$lld Pickles, %2$lld unread	Pickle 브랜드 표기와 보관·도구 용어를 화면 전반에서 통일.	Picky/HUD/PickyHUDDockRailView.swift
catalog	group.list.accessibility.label	ko	%1$@, 피클 %2$lld개	%1$@, Pickle %2$lld개	Pickle 브랜드 표기와 보관·도구 용어를 화면 전반에서 통일.	Picky/HUD/PickyHUDDockGroupListView.swift
catalog	group.list.accessibility.label	en	%1$@, %2$lld Pickles	%1$@, %2$lld Pickles	Pickle 브랜드 표기와 보관·도구 용어를 화면 전반에서 통일.	Picky/HUD/PickyHUDDockGroupListView.swift
catalog	group.list.action.archive	ko	아카이브	보관	Pickle 브랜드 표기와 보관·도구 용어를 화면 전반에서 통일.	Picky/HUD/PickyHUDDockGroupListView.swift
catalog	group.list.action.archive	en	Archive	Archive	Pickle 브랜드 표기와 보관·도구 용어를 화면 전반에서 통일.	Picky/HUD/PickyHUDDockGroupListView.swift
catalog	group.list.fallbackTitle	ko	피클	Pickle	Pickle 브랜드 표기와 보관·도구 용어를 화면 전반에서 통일.	Picky/HUD/PickyHUDOverlayManager+DockGroupList.swift
catalog	group.list.fallbackTitle	en	Pickle	Pickle	Pickle 브랜드 표기와 보관·도구 용어를 화면 전반에서 통일.	Picky/HUD/PickyHUDOverlayManager+DockGroupList.swift
catalog	group.list.newPickle.accessibilityLabel	ko	그룹에 피클 생성	그룹에 Pickle 생성	Pickle 브랜드 표기와 보관·도구 용어를 화면 전반에서 통일.	Picky/HUD/PickyHUDDockGroupListView.swift
catalog	group.list.newPickle.accessibilityLabel	en	Create Pickle in group	Create Pickle in group	Pickle 브랜드 표기와 보관·도구 용어를 화면 전반에서 통일.	Picky/HUD/PickyHUDDockGroupListView.swift
catalog	group.list.newPickle.hint	ko	이 그룹에 피클을 만듭니다	이 그룹에 Pickle을 만들어요	사용자가 보는 동작과 대상을 구체적으로 표현하고 한국어 안내 말투를 맞춤.	Picky/HUD/PickyHUDDockGroupListView.swift
catalog	group.list.newPickle.hint	en	Create a Pickle in this group	Create a Pickle in this group	사용자가 보는 동작과 대상을 구체적으로 표현하고 한국어 안내 말투를 맞춤.	Picky/HUD/PickyHUDDockGroupListView.swift
catalog	group.list.status.blocked	ko	차단됨	진행 불가	blocked는 보안 차단이 아니라 작업을 이어갈 수 없는 상태이므로 차단됨을 피함.	Picky/HUD/PickyHUDDockGroupListView.swift:898 dynamically formats group.list.status from row.session.status.rawValue; agentd/src/session-supervisor.ts sets blocked when runtime reattachment fails.
catalog	group.list.status.blocked	en	Blocked	Unable to continue	blocked는 보안 차단이 아니라 작업을 이어갈 수 없는 상태이므로 차단됨을 피함.	Picky/HUD/PickyHUDDockGroupListView.swift:898 dynamically formats group.list.status from row.session.status.rawValue; agentd/src/session-supervisor.ts sets blocked when runtime reattachment fails.
catalog	group.menu.delete	ko	그룹 삭제 + 피클 보관	그룹 삭제 및 Pickle 보관	사용자가 보는 동작과 대상을 구체적으로 표현하고 한국어 안내 말투를 맞춤.	Picky/HUD/PickyHUDDockGroupViews.swift
catalog	group.menu.delete	en	Delete group + archive pickles	Delete group and archive Pickles	사용자가 보는 동작과 대상을 구체적으로 표현하고 한국어 안내 말투를 맞춤.	Picky/HUD/PickyHUDDockGroupViews.swift
catalog	group.menu.ungroup	ko	그룹 해제 (피클 유지)	그룹 해제 (Pickle 유지)	사용자가 보는 동작과 대상을 구체적으로 표현하고 한국어 안내 말투를 맞춤.	Picky/HUD/PickyHUDDockGroupViews.swift
catalog	group.menu.ungroup	en	Ungroup (keep pickles)	Ungroup (keep Pickles)	사용자가 보는 동작과 대상을 구체적으로 표현하고 한국어 안내 말투를 맞춤.	Picky/HUD/PickyHUDDockGroupViews.swift
catalog	hub.appearance.dark	ko	다크 외형	다크 모드	추상적인 표현을 화면의 기능에 맞추고 화면 모양 용어를 통일.	Picky/Hub/PickyHubSidebarView.swift; Picky/Hub/Pages/PickyHubDashboardPage.swift; Picky/Hub/PickyHubPage.swift
catalog	hub.appearance.dark	en	Dark appearance	Dark appearance	추상적인 표현을 화면의 기능에 맞추고 화면 모양 용어를 통일.	Picky/Hub/PickyHubSidebarView.swift; Picky/Hub/Pages/PickyHubDashboardPage.swift; Picky/Hub/PickyHubPage.swift
catalog	hub.appearance.light	ko	라이트 외형	라이트 모드	추상적인 표현을 화면의 기능에 맞추고 화면 모양 용어를 통일.	Picky/Hub/PickyHubSidebarView.swift; Picky/Hub/Pages/PickyHubDashboardPage.swift; Picky/Hub/PickyHubPage.swift
catalog	hub.appearance.light	en	Light appearance	Light appearance	추상적인 표현을 화면의 기능에 맞추고 화면 모양 용어를 통일.	Picky/Hub/PickyHubSidebarView.swift; Picky/Hub/Pages/PickyHubDashboardPage.swift; Picky/Hub/PickyHubPage.swift
catalog	hub.calendar.estimated	ko	반복 예정	예상 실행	예상과 확정 실행을 구분하고 실제 기록 범위에 맞춤. 설명을 해요체로 통일.	Picky/Hub/PickyHubCronCalendarView.swift; Picky/Hub/PickyCronCalendarProjection.swift; Picky/Hub/PickyHubCronOccurrenceDetail.swift; Picky/Hub/Pages/PickyHubCalendarPage.swift
catalog	hub.calendar.estimated	en	Projected	Estimated	예상과 확정 실행을 구분하고 실제 기록 범위에 맞춤. 설명을 해요체로 통일.	Picky/Hub/PickyHubCronCalendarView.swift; Picky/Hub/PickyCronCalendarProjection.swift; Picky/Hub/PickyHubCronOccurrenceDetail.swift; Picky/Hub/Pages/PickyHubCalendarPage.swift
catalog	hub.calendar.estimatedLegend	ko	점선 · 반복 예정	점선 · 예상 실행	예상과 확정 실행을 구분하고 실제 기록 범위에 맞춤. 설명을 해요체로 통일.	Picky/Hub/PickyHubCronCalendarView.swift; Picky/Hub/PickyCronCalendarProjection.swift; Picky/Hub/PickyHubCronOccurrenceDetail.swift; Picky/Hub/Pages/PickyHubCalendarPage.swift
catalog	hub.calendar.estimatedLegend	en	Dashed · projected	Dashed · estimated	예상과 확정 실행을 구분하고 실제 기록 범위에 맞춤. 설명을 해요체로 통일.	Picky/Hub/PickyHubCronCalendarView.swift; Picky/Hub/PickyCronCalendarProjection.swift; Picky/Hub/PickyHubCronOccurrenceDetail.swift; Picky/Hub/Pages/PickyHubCalendarPage.swift
catalog	hub.calendar.history.note	ko	과거는 최근 실행 기록만 표시합니다. 점선은 Cron과 동일하게 이 Mac의 시간대로 계산한 예상 시각입니다.	과거 일정에는 확인 가능한 실행 기록을 표시해요. 점선은 Cron과 같은 이 Mac의 시간대로 계산한 예상 실행 시각이에요.	현재 job.executions 전체를 표시하므로 최근 한 건만 표시한다는 기존 고지는 부정확. 현재 사용처 없는 키지만 향후 재사용 시 오안내 방지.	Picky/Hub/PickyHubCronCalendarView.swift; Picky/Hub/PickyCronCalendarProjection.swift (all actuals in visible interval; key currently has no Swift consumer)
catalog	hub.calendar.history.note	en	Past events show only the latest recorded run, not full history. Dashed markers are estimates using this Mac’s timezone, as Cron does.	Past events show available execution records. Dashed markers estimate future runs using this Mac’s timezone, as Cron does.	현재 job.executions 전체를 표시하므로 최근 한 건만 표시한다는 기존 고지는 부정확. 현재 사용처 없는 키지만 향후 재사용 시 오안내 방지.	Picky/Hub/PickyHubCronCalendarView.swift; Picky/Hub/PickyCronCalendarProjection.swift (all actuals in visible interval; key currently has no Swift consumer)
catalog	hub.calendar.historyTruncated	ko	실행 기록이 많아 일부만 읽었습니다. 주간 보기로 범위를 줄여 주세요.	실행 기록이 많아 일부만 불러왔어요. 주간 보기로 범위를 줄여 주세요.	예상과 확정 실행을 구분하고 실제 기록 범위에 맞춤. 설명을 해요체로 통일.	Picky/Hub/PickyHubCronCalendarView.swift; Picky/Hub/PickyCronCalendarProjection.swift; Picky/Hub/PickyHubCronOccurrenceDetail.swift; Picky/Hub/Pages/PickyHubCalendarPage.swift
catalog	hub.calendar.historyTruncated	en	Only some execution records were read. Switch to week view to narrow the range.	Only some execution records were read. Switch to week view to narrow the range.	예상과 확정 실행을 구분하고 실제 기록 범위에 맞춤. 설명을 해요체로 통일.	Picky/Hub/PickyHubCronCalendarView.swift; Picky/Hub/PickyCronCalendarProjection.swift; Picky/Hub/PickyHubCronOccurrenceDetail.swift; Picky/Hub/Pages/PickyHubCalendarPage.swift
catalog	hub.calendar.install.action	ko	Cron 설치	예약 기능(Cron) 설치	무슨 기능을 설치하는지 밝히고 플러그인 식별자 유지	최종 사용처 및 challenger 지적 대조
catalog	hub.calendar.install.action	en	Install Cron	Install scheduling (Cron)	무슨 기능을 설치하는지 밝히고 플러그인 식별자 유지	최종 사용처 및 challenger 지적 대조
catalog	hub.calendar.install.note	ko	설치 후 적용이 필요하면 안내합니다. 진행 중인 작업을 자동으로 중단하지 않습니다.	설치 후 적용이 필요하면 안내해요. 진행 중인 작업을 자동으로 중단하지는 않아요.	예상과 확정 실행을 구분하고 실제 기록 범위에 맞춤. 설명을 해요체로 통일.	Picky/Hub/PickyHubCronCalendarView.swift; Picky/Hub/PickyCronCalendarProjection.swift; Picky/Hub/PickyHubCronOccurrenceDetail.swift; Picky/Hub/Pages/PickyHubCalendarPage.swift
catalog	hub.calendar.install.note	en	You will be notified if changes need applying. Running work is not interrupted automatically.	You will be notified if changes need applying. Running work is not interrupted automatically.	예상과 확정 실행을 구분하고 실제 기록 범위에 맞춤. 설명을 해요체로 통일.	Picky/Hub/PickyHubCronCalendarView.swift; Picky/Hub/PickyCronCalendarProjection.swift; Picky/Hub/PickyHubCronOccurrenceDetail.swift; Picky/Hub/Pages/PickyHubCalendarPage.swift
catalog	hub.calendar.install.title	ko	예약 캘린더를 사용하려면 Cron 플러그인이 필요해요	예약 작업을 보려면 예약 기능을 설치하세요	Cron 이름보다 사용 목적을 먼저 안내	최종 사용처 및 challenger 지적 대조
catalog	hub.calendar.install.title	en	Install Cron to use the calendar	Install scheduling to view scheduled tasks	Cron 이름보다 사용 목적을 먼저 안내	최종 사용처 및 challenger 지적 대조
catalog	hub.calendar.noOccurrences	ko	이 기간에 표시할 예약이 없습니다.	이 기간에 표시할 예약이 없어요.	예상과 확정 실행을 구분하고 실제 기록 범위에 맞춤. 설명을 해요체로 통일.	Picky/Hub/PickyHubCronCalendarView.swift; Picky/Hub/PickyCronCalendarProjection.swift; Picky/Hub/PickyHubCronOccurrenceDetail.swift; Picky/Hub/Pages/PickyHubCalendarPage.swift
catalog	hub.calendar.noOccurrences	en	No occurrences in this period.	No occurrences in this period.	예상과 확정 실행을 구분하고 실제 기록 범위에 맞춤. 설명을 해요체로 통일.	Picky/Hub/PickyHubCronCalendarView.swift; Picky/Hub/PickyCronCalendarProjection.swift; Picky/Hub/PickyHubCronOccurrenceDetail.swift; Picky/Hub/Pages/PickyHubCalendarPage.swift
catalog	hub.calendar.projected	ko	반복 규칙으로 계산한 예정	예상 실행 시각	예상과 확정 실행을 구분하고 실제 기록 범위에 맞춤. 설명을 해요체로 통일.	Picky/Hub/PickyHubCronCalendarView.swift; Picky/Hub/PickyCronCalendarProjection.swift; Picky/Hub/PickyHubCronOccurrenceDetail.swift; Picky/Hub/Pages/PickyHubCalendarPage.swift
catalog	hub.calendar.projected	en	Projected occurrence	Estimated run time	예상과 확정 실행을 구분하고 실제 기록 범위에 맞춤. 설명을 해요체로 통일.	Picky/Hub/PickyHubCronCalendarView.swift; Picky/Hub/PickyCronCalendarProjection.swift; Picky/Hub/PickyHubCronOccurrenceDetail.swift; Picky/Hub/Pages/PickyHubCalendarPage.swift
catalog	hub.calendar.promptMissing	ko	등록된 지침 파일을 찾을 수 없습니다.	등록된 지침 파일을 찾을 수 없어요.	예상과 확정 실행을 구분하고 실제 기록 범위에 맞춤. 설명을 해요체로 통일.	Picky/Hub/PickyHubCronCalendarView.swift; Picky/Hub/PickyCronCalendarProjection.swift; Picky/Hub/PickyHubCronOccurrenceDetail.swift; Picky/Hub/Pages/PickyHubCalendarPage.swift
catalog	hub.calendar.promptMissing	en	The registered instructions file could not be found.	The registered instructions file could not be found.	예상과 확정 실행을 구분하고 실제 기록 범위에 맞춤. 설명을 해요체로 통일.	Picky/Hub/PickyHubCronCalendarView.swift; Picky/Hub/PickyCronCalendarProjection.swift; Picky/Hub/PickyHubCronOccurrenceDetail.swift; Picky/Hub/Pages/PickyHubCalendarPage.swift
catalog	hub.calendar.promptTooLarge	ko	지침 파일이 너무 커서 표시할 수 없습니다.	지침 파일이 너무 커서 표시할 수 없어요.	예상과 확정 실행을 구분하고 실제 기록 범위에 맞춤. 설명을 해요체로 통일.	Picky/Hub/PickyHubCronCalendarView.swift; Picky/Hub/PickyCronCalendarProjection.swift; Picky/Hub/PickyHubCronOccurrenceDetail.swift; Picky/Hub/Pages/PickyHubCalendarPage.swift
catalog	hub.calendar.promptTooLarge	en	The instructions file is too large to display.	The instructions file is too large to display.	예상과 확정 실행을 구분하고 실제 기록 범위에 맞춤. 설명을 해요체로 통일.	Picky/Hub/PickyHubCronCalendarView.swift; Picky/Hub/PickyCronCalendarProjection.swift; Picky/Hub/PickyHubCronOccurrenceDetail.swift; Picky/Hub/Pages/PickyHubCalendarPage.swift
catalog	hub.calendar.promptUnreadable	ko	지침 파일을 읽을 수 없습니다.	지침 파일을 읽을 수 없어요.	예상과 확정 실행을 구분하고 실제 기록 범위에 맞춤. 설명을 해요체로 통일.	Picky/Hub/PickyHubCronCalendarView.swift; Picky/Hub/PickyCronCalendarProjection.swift; Picky/Hub/PickyHubCronOccurrenceDetail.swift; Picky/Hub/Pages/PickyHubCalendarPage.swift
catalog	hub.calendar.promptUnreadable	en	The instructions file could not be read.	The instructions file could not be read.	예상과 확정 실행을 구분하고 실제 기록 범위에 맞춤. 설명을 해요체로 통일.	Picky/Hub/PickyHubCronCalendarView.swift; Picky/Hub/PickyCronCalendarProjection.swift; Picky/Hub/PickyHubCronOccurrenceDetail.swift; Picky/Hub/Pages/PickyHubCalendarPage.swift
catalog	hub.calendar.promptUnsafe	ko	Cron 폴더 밖의 파일이나 연결 파일은 열지 않습니다.	Cron 폴더 밖의 파일이나 심볼릭 링크는 열지 않아요.	예상과 확정 실행을 구분하고 실제 기록 범위에 맞춤. 설명을 해요체로 통일.	Picky/Hub/PickyHubCronCalendarView.swift; Picky/Hub/PickyCronCalendarProjection.swift; Picky/Hub/PickyHubCronOccurrenceDetail.swift; Picky/Hub/Pages/PickyHubCalendarPage.swift
catalog	hub.calendar.promptUnsafe	en	Files outside the Cron folder and symbolic links are not opened.	Files outside the Cron folder and symbolic links are not opened.	예상과 확정 실행을 구분하고 실제 기록 범위에 맞춤. 설명을 해요체로 통일.	Picky/Hub/PickyHubCronCalendarView.swift; Picky/Hub/PickyCronCalendarProjection.swift; Picky/Hub/PickyHubCronOccurrenceDetail.swift; Picky/Hub/Pages/PickyHubCalendarPage.swift
catalog	hub.calendar.scheduleTimezone	ko	저장된 시간대 (Cron 계산에 미사용): %@	저장된 시간대: %@ (Cron은 이 Mac의 시간대를 사용해요)	예상과 확정 실행을 구분하고 실제 기록 범위에 맞춤. 설명을 해요체로 통일.	Picky/Hub/PickyHubCronCalendarView.swift; Picky/Hub/PickyCronCalendarProjection.swift; Picky/Hub/PickyHubCronOccurrenceDetail.swift; Picky/Hub/Pages/PickyHubCalendarPage.swift
catalog	hub.calendar.scheduleTimezone	en	Stored timezone (not used by Cron): %@	Stored timezone (Cron uses this Mac’s timezone): %@	예상과 확정 실행을 구분하고 실제 기록 범위에 맞춤. 설명을 해요체로 통일.	Picky/Hub/PickyHubCronCalendarView.swift; Picky/Hub/PickyCronCalendarProjection.swift; Picky/Hub/PickyHubCronOccurrenceDetail.swift; Picky/Hub/Pages/PickyHubCalendarPage.swift
catalog	hub.calendar.truncated	ko	예약이 많아 일부만 표시합니다. 주간 보기나 필터로 범위를 줄여 주세요.	예약이 많아 일부만 표시해요. 주간 보기나 필터로 범위를 줄여 주세요.	예상과 확정 실행을 구분하고 실제 기록 범위에 맞춤. 설명을 해요체로 통일.	Picky/Hub/PickyHubCronCalendarView.swift; Picky/Hub/PickyCronCalendarProjection.swift; Picky/Hub/PickyHubCronOccurrenceDetail.swift; Picky/Hub/Pages/PickyHubCalendarPage.swift
catalog	hub.calendar.truncated	en	Only some occurrences are shown. Use week view or filters to narrow the range.	Only some occurrences are shown. Use week view or filters to narrow the range.	예상과 확정 실행을 구분하고 실제 기록 범위에 맞춤. 설명을 해요체로 통일.	Picky/Hub/PickyHubCronCalendarView.swift; Picky/Hub/PickyCronCalendarProjection.swift; Picky/Hub/PickyHubCronOccurrenceDetail.swift; Picky/Hub/Pages/PickyHubCalendarPage.swift
catalog	hub.calendar.unsupported.message	ko	플러그인과 Picky 버전을 확인해 주세요. 예약 파일은 변경하지 않았습니다.	플러그인과 Picky 버전을 확인해 주세요. 예약 파일은 변경하지 않았어요.	예상과 확정 실행을 구분하고 실제 기록 범위에 맞춤. 설명을 해요체로 통일.	Picky/Hub/PickyHubCronCalendarView.swift; Picky/Hub/PickyCronCalendarProjection.swift; Picky/Hub/PickyHubCronOccurrenceDetail.swift; Picky/Hub/Pages/PickyHubCalendarPage.swift
catalog	hub.calendar.unsupported.message	en	Check your plugin and Picky versions. The schedule file has not been changed.	Check your plugin and Picky versions. The schedule file has not been changed.	예상과 확정 실행을 구분하고 실제 기록 범위에 맞춤. 설명을 해요체로 통일.	Picky/Hub/PickyHubCronCalendarView.swift; Picky/Hub/PickyCronCalendarProjection.swift; Picky/Hub/PickyHubCronOccurrenceDetail.swift; Picky/Hub/Pages/PickyHubCalendarPage.swift
catalog	hub.calendar.unsupportedRules	ko	일부 반복 규칙은 미리 계산할 수 없습니다. 해당 작업은 기록된 다음 실행과 최근 결과만 표시합니다.	일부 반복 규칙은 미리 계산할 수 없어요. 해당 작업은 기록된 다음 실행 시각과 확인 가능한 실행 기록만 표시해요.	예상과 확정 실행을 구분하고 실제 기록 범위에 맞춤. 설명을 해요체로 통일.	Picky/Hub/PickyHubCronCalendarView.swift; Picky/Hub/PickyCronCalendarProjection.swift; Picky/Hub/PickyHubCronOccurrenceDetail.swift; Picky/Hub/Pages/PickyHubCalendarPage.swift
catalog	hub.calendar.unsupportedRules	en	Some recurrence rules cannot be previewed. Only recorded next runs and latest results are shown for those jobs.	Some recurrence rules cannot be previewed. Only recorded next runs and available execution records are shown for those jobs.	예상과 확정 실행을 구분하고 실제 기록 범위에 맞춤. 설명을 해요체로 통일.	Picky/Hub/PickyHubCronCalendarView.swift; Picky/Hub/PickyCronCalendarProjection.swift; Picky/Hub/PickyHubCronOccurrenceDetail.swift; Picky/Hub/Pages/PickyHubCalendarPage.swift
catalog	hub.conversation.composer.hint	ko	Enter로 보내고 Shift+Enter로 줄바꿈합니다.	Enter로 보내고 Shift+Enter로 줄을 바꿔요.	일반 대화 화면에서 세션 대신 대화 사용, 도움말 말투 통일.	Picky/Hub/Pages/PickyHubConversationPage.swift
catalog	hub.conversation.composer.hint	en	Press Return to send. Press Shift-Return for a new line.	Press Return to send. Press Shift-Return for a new line.	일반 대화 화면에서 세션 대신 대화 사용, 도움말 말투 통일.	Picky/Hub/Pages/PickyHubConversationPage.swift
catalog	hub.conversation.newSession	ko	새 세션	새 대화	일반 대화 화면에서 세션 대신 대화 사용, 도움말 말투 통일.	Picky/Hub/Pages/PickyHubConversationPage.swift
catalog	hub.conversation.newSession	en	New session	New conversation	일반 대화 화면에서 세션 대신 대화 사용, 도움말 말투 통일.	Picky/Hub/Pages/PickyHubConversationPage.swift
catalog	hub.dashboard.guides.empty	ko	다음 앱 업데이트에서 가이드를 확인할 수 있어요.	아직 표시할 가이드가 없어요.	다음 업데이트에서 제공한다는 근거 없는 시점 약속 제거.	Picky/Hub/Pages/PickyHubDashboardPage.swift (guides.isEmpty)
catalog	hub.dashboard.guides.empty	en	Guides will appear here in the next app update.	No guides to show yet.	다음 업데이트에서 제공한다는 근거 없는 시점 약속 제거.	Picky/Hub/Pages/PickyHubDashboardPage.swift (guides.isEmpty)
catalog	hub.dashboard.insight.classifying	ko	분류 준비 중	아직 분류된 작업이 없어요	분류 미동의 상태에서도 노출되는 기본값이므로 진행 중이라고 단정하지 않음.	Picky/Hub/Statistics/PickyHubStatisticsViews.swift; Picky/Hub/Statistics/PickyHubStatisticsModels.swift
catalog	hub.dashboard.insight.classifying	en	Classifying work	No classified work yet	분류 미동의 상태에서도 노출되는 기본값이므로 진행 중이라고 단정하지 않음.	Picky/Hub/Statistics/PickyHubStatisticsViews.swift; Picky/Hub/Statistics/PickyHubStatisticsModels.swift
catalog	hub.dashboard.insight.classifyingCount	ko	분류 준비 중 · %lld개 Pickle	미분류 Pickle %lld개	분류 작업 실행 여부가 아니라 분류 결과 없는 항목 수.	Picky/Hub/Statistics/PickyHubStatisticsViews.swift; Picky/Hub/Statistics/PickyHubStatisticsModels.swift
catalog	hub.dashboard.insight.classifyingCount	en	Classifying %lld Pickles	%lld unclassified Pickles	분류 작업 실행 여부가 아니라 분류 결과 없는 항목 수.	Picky/Hub/Statistics/PickyHubStatisticsViews.swift; Picky/Hub/Statistics/PickyHubStatisticsModels.swift
catalog	hub.dashboard.insight.deepestPickle	ko	가장 깊게 진행한 Pickle	후속 지시·위임이 가장 많은 Pickle	깊이라는 추상적인 평가 대신 실제 정렬 지표를 표시.	Picky/Hub/Statistics/PickyHubStatisticsViews.swift; Picky/Hub/Statistics/PickyHubStatisticsModels.swift (max followUpCount + delegationCount)
catalog	hub.dashboard.insight.deepestPickle	en	Deepest Pickle	Most follow-ups and delegations	깊이라는 추상적인 평가 대신 실제 정렬 지표를 표시.	Picky/Hub/Statistics/PickyHubStatisticsViews.swift; Picky/Hub/Statistics/PickyHubStatisticsModels.swift (max followUpCount + delegationCount)
catalog	hub.dashboard.insight.delegationCount	ko	Picky 위임 %lld	Picky 위임 %lld회	횟수 단위를 명시.	Picky/Hub/Statistics/PickyHubStatisticsViews.swift; Picky/Hub/Statistics/PickyHubStatisticsModels.swift
catalog	hub.dashboard.insight.delegationCount	en	%lld delegations	%lld delegations	횟수 단위를 명시.	Picky/Hub/Statistics/PickyHubStatisticsViews.swift; Picky/Hub/Statistics/PickyHubStatisticsModels.swift
catalog	hub.dashboard.insight.focusedProject	ko	가장 집중한 프로젝트	Pickle이 가장 많은 프로젝트	집중도나 시간을 측정하지 않으므로 실제 개수 기준을 표시.	Picky/Hub/Statistics/PickyHubStatisticsViews.swift; Picky/Hub/Statistics/PickyHubStatisticsModels.swift (focusedProject is highest project count)
catalog	hub.dashboard.insight.focusedProject	en	Most focused project	Project with the most Pickles	집중도나 시간을 측정하지 않으므로 실제 개수 기준을 표시.	Picky/Hub/Statistics/PickyHubStatisticsViews.swift; Picky/Hub/Statistics/PickyHubStatisticsModels.swift (focusedProject is highest project count)
catalog	hub.dashboard.insight.followUpCount	ko	후속 지시 %lld	후속 지시 %lld회	횟수 단위를 명시.	Picky/Hub/Statistics/PickyHubStatisticsViews.swift; Picky/Hub/Statistics/PickyHubStatisticsModels.swift
catalog	hub.dashboard.insight.followUpCount	en	%lld follow-ups	%lld follow-ups	횟수 단위를 명시.	Picky/Hub/Statistics/PickyHubStatisticsViews.swift; Picky/Hub/Statistics/PickyHubStatisticsModels.swift
catalog	hub.dashboard.plugins.empty	ko	추천 플러그인을 불러오는 중이에요.	표시할 추천 플러그인이 없어요.	빈 배열 상태만으로 로딩 중이라고 단정하지 않음.	Picky/Hub/Pages/PickyHubDashboardPage.swift (pluginCatalog.recommended.isEmpty)
catalog	hub.dashboard.plugins.empty	en	Recommended plugins are loading.	No recommended plugins to show.	빈 배열 상태만으로 로딩 중이라고 단정하지 않음.	Picky/Hub/Pages/PickyHubDashboardPage.swift (pluginCatalog.recommended.isEmpty)
catalog	hub.dashboard.share.title	ko	피키 공유하기	Picky 공유하기	화면 안의 브랜드 표기 통일.	Picky/Hub/Pages/PickyHubDashboardPage.swift
catalog	hub.dashboard.share.title	en	Share Picky	Share Picky	화면 안의 브랜드 표기 통일.	Picky/Hub/Pages/PickyHubDashboardPage.swift
catalog	hub.guides.empty.message	ko	다음 Picky 업데이트에 새 가이드와 제품 소식이 여기에 표시됩니다.	새 가이드와 제품 소식을 이곳에서 확인할 수 있어요.	빈 목록이 다음 릴리스 제공을 보장하지 않음.	Picky/Hub/Pages/PickyHubGuidesPage.swift; Picky/Hub/Guides/PickyHubGuideCatalog.swift
catalog	hub.guides.empty.message	en	New guides and product updates will appear here with your next Picky update.	Guides and product updates will appear here when available.	빈 목록이 다음 릴리스 제공을 보장하지 않음.	Picky/Hub/Pages/PickyHubGuidesPage.swift; Picky/Hub/Guides/PickyHubGuideCatalog.swift
catalog	hub.guides.video.error.message	ko	연결을 확인한 뒤 다시 시도하거나 YouTube에서 영상을 여세요.	인터넷 연결을 확인한 뒤 다시 시도하거나 YouTube에서 영상을 열어 주세요.	어떤 연결을 점검할지 명시.	Picky/Hub/Guides/PickyHubGuideVideoDialog.swift
catalog	hub.guides.video.error.message	en	Check your connection, then try again or open the video on YouTube.	Check your internet connection, then try again or open the video on YouTube.	어떤 연결을 점검할지 명시.	Picky/Hub/Guides/PickyHubGuideVideoDialog.swift
catalog	hub.menu.appearance	ko	외형	화면 모양	추상적인 표현을 화면의 기능에 맞추고 화면 모양 용어를 통일.	Picky/Hub/PickyHubSidebarView.swift; Picky/Hub/Pages/PickyHubDashboardPage.swift; Picky/Hub/PickyHubPage.swift
catalog	hub.menu.appearance	en	Appearance	Appearance	추상적인 표현을 화면의 기능에 맞추고 화면 모양 용어를 통일.	Picky/Hub/PickyHubSidebarView.swift; Picky/Hub/Pages/PickyHubDashboardPage.swift; Picky/Hub/PickyHubPage.swift
catalog	hub.page.dashboard.subtitle	ko	돌아보고, 발견하고, 다음 작업을 시작하세요.	작업 기록을 확인하고 새 작업을 시작하세요.	추상적인 표현을 화면의 기능에 맞추고 화면 모양 용어를 통일.	Picky/Hub/PickyHubSidebarView.swift; Picky/Hub/Pages/PickyHubDashboardPage.swift; Picky/Hub/PickyHubPage.swift
catalog	hub.page.dashboard.subtitle	en	Look back, discover, and start your next task.	Review your work and start a new task.	추상적인 표현을 화면의 기능에 맞추고 화면 모양 용어를 통일.	Picky/Hub/PickyHubSidebarView.swift; Picky/Hub/Pages/PickyHubDashboardPage.swift; Picky/Hub/PickyHubPage.swift
catalog	hub.page.quickStart.subtitle	ko	정해진 흐름으로 새 Pickle 작업을 시작하세요.	원하는 작업을 골라 새 Pickle을 시작하세요.	추상적인 표현을 화면의 기능에 맞추고 화면 모양 용어를 통일.	Picky/Hub/PickyHubSidebarView.swift; Picky/Hub/Pages/PickyHubDashboardPage.swift; Picky/Hub/PickyHubPage.swift
catalog	hub.page.quickStart.subtitle	en	Start a new Pickle from a ready-made flow.	Choose a task to start a new Pickle.	추상적인 표현을 화면의 기능에 맞추고 화면 모양 용어를 통일.	Picky/Hub/PickyHubSidebarView.swift; Picky/Hub/Pages/PickyHubDashboardPage.swift; Picky/Hub/PickyHubPage.swift
catalog	hub.plugins.card.setupDaemon	ko	데몬 설정	예약 자동 실행 설정	데몬 구현 용어를 설정 목적 중심으로 대체.	Picky/Hub/Plugins/PickyHubPluginCardView.swift; Picky/Hub/Plugins/PickyHubPluginCatalog.swift (setup invokes curated.setup)
catalog	hub.plugins.card.setupDaemon	en	Set up daemon	Set up background scheduling	데몬 구현 용어를 설정 목적 중심으로 대체.	Picky/Hub/Plugins/PickyHubPluginCardView.swift; Picky/Hub/Plugins/PickyHubPluginCatalog.swift (setup invokes curated.setup)
catalog	hub.plugins.card.viewJobs	ko	작업 보기	예약 작업 보기	일반 작업과 예약 작업을 구분.	Picky/Hub/Plugins/PickyHubPluginCardView.swift
catalog	hub.plugins.card.viewJobs	en	View jobs	View scheduled jobs	일반 작업과 예약 작업을 구분.	Picky/Hub/Plugins/PickyHubPluginCardView.swift
catalog	hub.plugins.detail.remove.prompt	ko	정말 삭제할까요?	이 플러그인을 삭제할까요?	모호한 정말 대신 삭제 대상을 명시.	Picky/Hub/Plugins/PickyHubPluginDetailDialog.swift
catalog	hub.plugins.detail.remove.prompt	en	Remove this plugin?	Remove this plugin?	모호한 정말 대신 삭제 대상을 명시.	Picky/Hub/Plugins/PickyHubPluginDetailDialog.swift
catalog	hub.plugins.feedback.installed	ko	%1$@을(를) 설치했습니다.	%1$@ 설치를 완료했어요.	조사 대체 표기 을(를)을 없애고 완료 안내를 해요체로 통일.	Picky/Hub/Plugins/PickyHubPluginCatalog.swift
catalog	hub.plugins.feedback.installed	en	Installed %1$@.	Installed %1$@.	조사 대체 표기 을(를)을 없애고 완료 안내를 해요체로 통일.	Picky/Hub/Plugins/PickyHubPluginCatalog.swift
catalog	hub.plugins.feedback.removed	ko	%1$@을(를) 삭제했습니다.	%1$@ 삭제를 완료했어요.	조사 대체 표기 을(를)을 없애고 완료 안내를 해요체로 통일.	Picky/Hub/Plugins/PickyHubPluginCatalog.swift
catalog	hub.plugins.feedback.removed	en	Removed %1$@.	Removed %1$@.	조사 대체 표기 을(를)을 없애고 완료 안내를 해요체로 통일.	Picky/Hub/Plugins/PickyHubPluginCatalog.swift
catalog	hub.plugins.feedback.settingUp	ko	Cron 데몬 설정 중…	백그라운드 예약 실행 설정 중…	설정 버튼과 진행 안내의 용어를 통일.	Picky/Hub/Plugins/PickyHubPluginCatalog.swift
catalog	hub.plugins.feedback.settingUp	en	Setting up the Cron daemon…	Setting up background scheduling…	설정 버튼과 진행 안내의 용어를 통일.	Picky/Hub/Plugins/PickyHubPluginCatalog.swift
catalog	hub.plugins.feedback.setup	ko	%@ 데몬 설정을 확인했습니다.	%@ 백그라운드 예약 실행 설정을 확인했어요.	기술적인 데몬 용어 대신 기능 이름 사용. 검증 완료 의미 유지.	Picky/Hub/Plugins/PickyHubPluginCatalog.swift
catalog	hub.plugins.feedback.setup	en	%@ daemon setup verified.	%@ background scheduling setup verified.	기술적인 데몬 용어 대신 기능 이름 사용. 검증 완료 의미 유지.	Picky/Hub/Plugins/PickyHubPluginCatalog.swift
catalog	hub.plugins.feedback.updated	ko	%1$@을(를) 업데이트했습니다.	%1$@ 업데이트를 완료했어요.	조사 대체 표기 을(를)을 없애고 완료 안내를 해요체로 통일.	Picky/Hub/Plugins/PickyHubPluginCatalog.swift
catalog	hub.plugins.feedback.updated	en	Updated %1$@.	Updated %1$@.	조사 대체 표기 을(를)을 없애고 완료 안내를 해요체로 통일.	Picky/Hub/Plugins/PickyHubPluginCatalog.swift
catalog	hub.plugins.reload.confirm.message.both	ko	Picky와 실행 중인 Pickle %lld개가 중단될 수 있어요.	Picky와 실행 중인 Pickle %lld개가 중단될 수 있어요.	실행 상태에 따라 다시 불러오기를 지연하는 경우도 있어 중단을 확정하지 않음. 한국어와 의미를 일치.	Picky/Hub/Pages/PickyHubPluginsPage.swift: busySnapshot/reloadConfirmationMessage; agentd/src/session-supervisor.ts: reloadPlugins defers compaction
catalog	hub.plugins.reload.confirm.message.both	en	This will interrupt Picky and %lld active Pickle(s).	This may interrupt the Picky conversation and %lld active Pickle(s).	실행 상태에 따라 다시 불러오기를 지연하는 경우도 있어 중단을 확정하지 않음. 한국어와 의미를 일치.	Picky/Hub/Pages/PickyHubPluginsPage.swift: busySnapshot/reloadConfirmationMessage; agentd/src/session-supervisor.ts: reloadPlugins defers compaction
catalog	hub.plugins.reload.confirm.message.main	ko	Picky의 진행 중인 음성 작업이 중단될 수 있어요.	Picky의 진행 중인 음성 작업이 중단될 수 있어요.	실행 상태에 따라 다시 불러오기를 지연하는 경우도 있어 중단을 확정하지 않음. 한국어와 의미를 일치.	Picky/Hub/Pages/PickyHubPluginsPage.swift: busySnapshot/reloadConfirmationMessage; agentd/src/session-supervisor.ts: reloadPlugins defers compaction
catalog	hub.plugins.reload.confirm.message.main	en	This will interrupt Picky's active voice work.	This may interrupt Picky's active voice work.	실행 상태에 따라 다시 불러오기를 지연하는 경우도 있어 중단을 확정하지 않음. 한국어와 의미를 일치.	Picky/Hub/Pages/PickyHubPluginsPage.swift: busySnapshot/reloadConfirmationMessage; agentd/src/session-supervisor.ts: reloadPlugins defers compaction
catalog	hub.plugins.reload.confirm.message.pickles	ko	실행 중인 Pickle %lld개가 중단될 수 있어요.	실행 중인 Pickle %lld개가 중단될 수 있어요.	실행 상태에 따라 다시 불러오기를 지연하는 경우도 있어 중단을 확정하지 않음. 한국어와 의미를 일치.	Picky/Hub/Pages/PickyHubPluginsPage.swift: busySnapshot/reloadConfirmationMessage; agentd/src/session-supervisor.ts: reloadPlugins defers compaction
catalog	hub.plugins.reload.confirm.message.pickles	en	This will interrupt %lld active Pickle(s).	This may interrupt %lld active Pickle(s).	실행 상태에 따라 다시 불러오기를 지연하는 경우도 있어 중단을 확정하지 않음. 한국어와 의미를 일치.	Picky/Hub/Pages/PickyHubPluginsPage.swift: busySnapshot/reloadConfirmationMessage; agentd/src/session-supervisor.ts: reloadPlugins defers compaction
catalog	hub.plugins.reload.message	ko	변경한 플러그인을 사용하려면 Picky와 실행 중인 Pickle을 다시 불러오세요.	플러그인 변경 사항을 적용하려면 Picky 대화와 열려 있는 Pickle을 다시 불러와야 해요.	앱 재시작과 대화 런타임 다시 불러오기를 구분.	Picky/Companion/PickyPluginReloadController.swift; agentd/src/session-supervisor.ts: reloadPlugins
catalog	hub.plugins.reload.message	en	Reload Picky and active Pickles to use the changed plugins.	Reload the Picky conversation and open Pickles to apply plugin changes.	앱 재시작과 대화 런타임 다시 불러오기를 구분.	Picky/Companion/PickyPluginReloadController.swift; agentd/src/session-supervisor.ts: reloadPlugins
catalog	hub.plugins.reload.title	ko	플러그인 변경 사항을 적용하려면 다시 불러오기가 필요해요	플러그인 변경 사항 적용	길고 중복되는 제목을 실제 행동으로 축약.	Picky/Hub/Plugins/PickyHubPluginReloadBanner.swift
catalog	hub.plugins.reload.title	en	Reload to apply plugin changes	Apply plugin changes	길고 중복되는 제목을 실제 행동으로 축약.	Picky/Hub/Plugins/PickyHubPluginReloadBanner.swift
catalog	hub.plugins.useCase.cron.2	ko	Picky를 열지 않고 반복 보고서를 자동화할 때	정해진 일정에 따라 반복 보고서를 자동으로 만들 때	Picky 창을 열지 않음과 앱이 종료됨을 혼동할 여지가 있어 검증 가능한 예약 실행 목적만 설명.	Picky/Hub/Plugins/PickyHubPluginCatalog.swift; Picky/Hub/Pages/PickyHubCalendarPage.swift
catalog	hub.plugins.useCase.cron.2	en	Automating a repeated report without opening Picky	Automating recurring reports on a schedule	Picky 창을 열지 않음과 앱이 종료됨을 혼동할 여지가 있어 검증 가능한 예약 실행 목적만 설명.	Picky/Hub/Plugins/PickyHubPluginCatalog.swift; Picky/Hub/Pages/PickyHubCalendarPage.swift
catalog	hub.plugins.useCase.memoryLayer.1	ko	프로젝트 규칙을 세션이 바뀌어도 유지할 때	새 대화에서도 프로젝트 규칙을 유지할 때	일상적인 사용 사례에서 세션 대신 대화 사용.	Picky/Hub/Plugins/PickyHubPluginCatalog.swift
catalog	hub.plugins.useCase.memoryLayer.1	en	Keeping project rules across sessions	Keeping project rules across sessions	일상적인 사용 사례에서 세션 대신 대화 사용.	Picky/Hub/Plugins/PickyHubPluginCatalog.swift
catalog	hub.plugins.useCase.subagent.1	ko	큰 작업을 병렬 워커로 나눌 때	큰 작업을 여러 에이전트에게 나눠 맡길 때	병렬 워커 대신 사용자가 맡기는 작업으로 설명.	Picky/Hub/Plugins/PickyHubPluginCatalog.swift
catalog	hub.plugins.useCase.subagent.1	en	Splitting a large task into parallel workers	Splitting a large task among multiple agents	병렬 워커 대신 사용자가 맡기는 작업으로 설명.	Picky/Hub/Plugins/PickyHubPluginCatalog.swift
catalog	hub.quickStart.chooseWorkflow	ko	워크플로우 선택	작업 선택	사용자 작업 중심 표현으로 정리하고 내부 Pi/워크플로우 용어를 줄임. 전달 불명 상태의 중복 전송 경고 유지.	Picky/Hub/QuickStart/PickyHubQuickStartLauncher.swift; Picky/Hub/QuickStart/PickyHubQuickStartWorkflow.swift; Picky/Hub/Pages/PickyHubQuickStartPage.swift
catalog	hub.quickStart.chooseWorkflow	en	Choose a workflow	Choose a task	사용자 작업 중심 표현으로 정리하고 내부 Pi/워크플로우 용어를 줄임. 전달 불명 상태의 중복 전송 경고 유지.	Picky/Hub/QuickStart/PickyHubQuickStartLauncher.swift; Picky/Hub/QuickStart/PickyHubQuickStartWorkflow.swift; Picky/Hub/Pages/PickyHubQuickStartPage.swift
catalog	hub.quickStart.error.notProjected	ko	새 Pickle이 제때 나타나지 않았어요. picky-agentd가 실행 중인지 확인하고 다시 시도하세요.	새 Pickle을 표시하는 데 시간이 걸리고 있어요. 다시 시도해 주세요.	실행 확인이 어려운 picky-agentd 점검 요구 대신 실제 제공되는 재시도 안내. 재시도는 기존 Pickle을 재사용.	Picky/Hub/QuickStart/PickyHubQuickStartLauncher.swift; Picky/Hub/QuickStart/PickyHubQuickStartWorkflow.swift (retry reuses durable session ID)
catalog	hub.quickStart.error.notProjected	en	The new Pickle did not appear in time. Check that picky-agentd is running and try again.	The new Pickle is taking longer than expected to appear. Try again.	실행 확인이 어려운 picky-agentd 점검 요구 대신 실제 제공되는 재시도 안내. 재시도는 기존 Pickle을 재사용.	Picky/Hub/QuickStart/PickyHubQuickStartLauncher.swift; Picky/Hub/QuickStart/PickyHubQuickStartWorkflow.swift (retry reuses durable session ID)
catalog	hub.quickStart.footer	ko	워크플로우를 시작하면 새 Pickle이 열리고 Pi가 필요한 정보를 한 번에 하나씩 묻습니다. 중간에 나가도 같은 Pickle에서 이어갈 수 있어요.	작업을 시작하면 새 Pickle이 열리고 필요한 정보를 하나씩 물어봐요. 나중에 같은 Pickle에서 이어갈 수 있어요.	사용자 작업 중심 표현으로 정리하고 내부 Pi/워크플로우 용어를 줄임. 전달 불명 상태의 중복 전송 경고 유지.	Picky/Hub/QuickStart/PickyHubQuickStartLauncher.swift; Picky/Hub/QuickStart/PickyHubQuickStartWorkflow.swift; Picky/Hub/Pages/PickyHubQuickStartPage.swift
catalog	hub.quickStart.footer	en	Starting a workflow opens a new Pickle. Pi asks for what it needs one question at a time, and you can continue in the same Pickle later.	Starting a task opens a new Pickle. It asks for the details it needs one question at a time. You can return to the same Pickle later.	사용자 작업 중심 표현으로 정리하고 내부 Pi/워크플로우 용어를 줄임. 전달 불명 상태의 중복 전송 경고 유지.	Picky/Hub/QuickStart/PickyHubQuickStartLauncher.swift; Picky/Hub/QuickStart/PickyHubQuickStartWorkflow.swift; Picky/Hub/Pages/PickyHubQuickStartPage.swift
catalog	hub.quickStart.resume.pending	ko	첫 지시 수락을 확인하지 못했습니다. 다시 보내기 전에 이 Pickle을 열어 확인하세요.	첫 지시가 전달됐는지 확인하지 못했어요. 다시 보내기 전에 이 Pickle을 열어 확인해 주세요.	사용자 작업 중심 표현으로 정리하고 내부 Pi/워크플로우 용어를 줄임. 전달 불명 상태의 중복 전송 경고 유지.	Picky/Hub/QuickStart/PickyHubQuickStartLauncher.swift; Picky/Hub/QuickStart/PickyHubQuickStartWorkflow.swift; Picky/Hub/Pages/PickyHubQuickStartPage.swift
catalog	hub.quickStart.resume.pending	en	First instruction not confirmed. Open this Pickle to check before sending again.	The first instruction has not been confirmed. Open this Pickle to check before sending again.	사용자 작업 중심 표현으로 정리하고 내부 Pi/워크플로우 용어를 줄임. 전달 불명 상태의 중복 전송 경고 유지.	Picky/Hub/QuickStart/PickyHubQuickStartLauncher.swift; Picky/Hub/QuickStart/PickyHubQuickStartWorkflow.swift; Picky/Hub/Pages/PickyHubQuickStartPage.swift
catalog	hub.quickStart.starting	ko	%@ 워크플로우를 시작하고 있어요	%@ 시작 중	사용자 작업 중심 표현으로 정리하고 내부 Pi/워크플로우 용어를 줄임. 전달 불명 상태의 중복 전송 경고 유지.	Picky/Hub/QuickStart/PickyHubQuickStartLauncher.swift; Picky/Hub/QuickStart/PickyHubQuickStartWorkflow.swift; Picky/Hub/Pages/PickyHubQuickStartPage.swift
catalog	hub.quickStart.starting	en	Starting %@ workflow	Starting %@	사용자 작업 중심 표현으로 정리하고 내부 Pi/워크플로우 용어를 줄임. 전달 불명 상태의 중복 전송 경고 유지.	Picky/Hub/QuickStart/PickyHubQuickStartLauncher.swift; Picky/Hub/QuickStart/PickyHubQuickStartWorkflow.swift; Picky/Hub/Pages/PickyHubQuickStartPage.swift
catalog	hub.quickStart.success.message	ko	새 작업을 열었습니다. Pi가 첫 질문을 준비하고 있어요.	새 Pickle이 열렸어요. 첫 질문을 준비하고 있어요.	사용자 작업 중심 표현으로 정리하고 내부 Pi/워크플로우 용어를 줄임. 전달 불명 상태의 중복 전송 경고 유지.	Picky/Hub/QuickStart/PickyHubQuickStartLauncher.swift; Picky/Hub/QuickStart/PickyHubQuickStartWorkflow.swift; Picky/Hub/Pages/PickyHubQuickStartPage.swift
catalog	hub.quickStart.success.message	en	A new task is open. Pi is preparing the first question.	A new Pickle is open and preparing the first question.	사용자 작업 중심 표현으로 정리하고 내부 Pi/워크플로우 용어를 줄임. 전달 불명 상태의 중복 전송 경고 유지.	Picky/Hub/QuickStart/PickyHubQuickStartLauncher.swift; Picky/Hub/QuickStart/PickyHubQuickStartWorkflow.swift; Picky/Hub/Pages/PickyHubQuickStartPage.swift
catalog	hub.quickStart.success.showWorkflows	ko	다른 워크플로우 보기	다른 작업 보기	사용자 작업 중심 표현으로 정리하고 내부 Pi/워크플로우 용어를 줄임. 전달 불명 상태의 중복 전송 경고 유지.	Picky/Hub/QuickStart/PickyHubQuickStartLauncher.swift; Picky/Hub/QuickStart/PickyHubQuickStartWorkflow.swift; Picky/Hub/Pages/PickyHubQuickStartPage.swift
catalog	hub.quickStart.success.showWorkflows	en	View other workflows	View other tasks	사용자 작업 중심 표현으로 정리하고 내부 Pi/워크플로우 용어를 줄임. 전달 불명 상태의 중복 전송 경고 유지.	Picky/Hub/QuickStart/PickyHubQuickStartLauncher.swift; Picky/Hub/QuickStart/PickyHubQuickStartWorkflow.swift; Picky/Hub/Pages/PickyHubQuickStartPage.swift
catalog	hub.quickStart.workflow.files.description	ko	로컬 폴더를 원하는 기준에 맞춰 정리하는 작업을 시작합니다.	원하는 기준에 맞춰 이 기기의 폴더를 정리해요.	워크플로우·로컬 환경 등 불필요한 전문용어를 줄이고 설명을 해요체로 통일.	Picky/Hub/QuickStart/PickyHubQuickStartLauncher.swift; Picky/Hub/QuickStart/PickyHubQuickStartWorkflow.swift
catalog	hub.quickStart.workflow.files.description	en	Tidy a local folder according to the rules you choose.	Tidy a local folder according to the rules you choose.	워크플로우·로컬 환경 등 불필요한 전문용어를 줄이고 설명을 해요체로 통일.	Picky/Hub/QuickStart/PickyHubQuickStartLauncher.swift; Picky/Hub/QuickStart/PickyHubQuickStartWorkflow.swift
catalog	hub.quickStart.workflow.guide.description	ko	현재 사용하는 앱을 Picky와 함께 한 단계씩 익혀봅니다.	현재 사용하는 앱을 Picky와 함께 한 단계씩 익혀요.	워크플로우·로컬 환경 등 불필요한 전문용어를 줄이고 설명을 해요체로 통일.	Picky/Hub/QuickStart/PickyHubQuickStartLauncher.swift; Picky/Hub/QuickStart/PickyHubQuickStartWorkflow.swift
catalog	hub.quickStart.workflow.guide.description	en	Learn the app you're using, one step at a time, with Picky.	Learn the app you're using, one step at a time, with Picky.	워크플로우·로컬 환경 등 불필요한 전문용어를 줄이고 설명을 해요체로 통일.	Picky/Hub/QuickStart/PickyHubQuickStartLauncher.swift; Picky/Hub/QuickStart/PickyHubQuickStartWorkflow.swift
catalog	hub.quickStart.workflow.landing.description	ko	질의응답 기반 워크플로우로 제품이나 서비스를 소개하는 웹페이지를 만듭니다.	질문에 답하며 제품이나 서비스를 소개하는 웹페이지를 만들어요.	워크플로우·로컬 환경 등 불필요한 전문용어를 줄이고 설명을 해요체로 통일.	Picky/Hub/QuickStart/PickyHubQuickStartLauncher.swift; Picky/Hub/QuickStart/PickyHubQuickStartWorkflow.swift
catalog	hub.quickStart.workflow.landing.description	en	A Q&A-driven flow that builds a web page introducing your product or service.	Answer a few questions to build a web page for your product or service.	워크플로우·로컬 환경 등 불필요한 전문용어를 줄이고 설명을 해요체로 통일.	Picky/Hub/QuickStart/PickyHubQuickStartLauncher.swift; Picky/Hub/QuickStart/PickyHubQuickStartWorkflow.swift
catalog	hub.quickStart.workflow.native.description	ko	로컬 환경에서 구동되는 네이티브 앱을 대화로 만들어봅니다.	대화하며 이 기기에서 실행할 앱을 만들어요.	워크플로우·로컬 환경 등 불필요한 전문용어를 줄이고 설명을 해요체로 통일.	Picky/Hub/QuickStart/PickyHubQuickStartLauncher.swift; Picky/Hub/QuickStart/PickyHubQuickStartWorkflow.swift
catalog	hub.quickStart.workflow.native.description	en	Shape a native app that runs locally, through conversation.	Shape a native app that runs locally, through conversation.	워크플로우·로컬 환경 등 불필요한 전문용어를 줄이고 설명을 해요체로 통일.	Picky/Hub/QuickStart/PickyHubQuickStartLauncher.swift; Picky/Hub/QuickStart/PickyHubQuickStartWorkflow.swift
catalog	hub.settings.appearance.detail	ko	Picky의 밝은 또는 어두운 모양을 선택합니다.	Picky의 라이트 모드 또는 다크 모드를 선택하세요.	사용자가 읽는 안내에서 전문용어와 번역투를 줄이고 해요체로 통일. 고급 설정의 기술명은 유지.	Picky/Hub/Pages/PickyHubSettingsPage.swift
catalog	hub.settings.appearance.detail	en	Choose the light or dark appearance for Picky.	Choose the light or dark appearance for Picky.	사용자가 읽는 안내에서 전문용어와 번역투를 줄이고 해요체로 통일. 고급 설정의 기술명은 유지.	Picky/Hub/Pages/PickyHubSettingsPage.swift
catalog	hub.settings.autoUpdates.detail	ko	새 버전이 있는지 주기적으로 확인합니다.	새 버전이 있는지 주기적으로 확인해요.	사용자가 읽는 안내에서 전문용어와 번역투를 줄이고 해요체로 통일. 고급 설정의 기술명은 유지.	Picky/Hub/Pages/PickyHubSettingsPage.swift
catalog	hub.settings.autoUpdates.detail	en	Periodically check for a new Picky version.	Periodically check for a new Picky version.	사용자가 읽는 안내에서 전문용어와 번역투를 줄이고 해요체로 통일. 고급 설정의 기술명은 유지.	Picky/Hub/Pages/PickyHubSettingsPage.swift
catalog	hub.settings.checkUpdates.detail	ko	새 업데이트가 있는지 지금 확인합니다.	새 업데이트가 있는지 지금 확인해요.	사용자가 읽는 안내에서 전문용어와 번역투를 줄이고 해요체로 통일. 고급 설정의 기술명은 유지.	Picky/Hub/Pages/PickyHubSettingsPage.swift
catalog	hub.settings.checkUpdates.detail	en	Look for an available update now.	Look for an available update now.	사용자가 읽는 안내에서 전문용어와 번역투를 줄이고 해요체로 통일. 고급 설정의 기술명은 유지.	Picky/Hub/Pages/PickyHubSettingsPage.swift
catalog	hub.settings.classification.accessibilityHint	ko	통계 스냅샷을 확인한 뒤에만 변경할 수 있습니다.	통계를 불러온 뒤 변경할 수 있어요.	모델 작업 분류의 모호함과 스냅샷 용어를 줄임. 전송 데이터·비용·끄기 효과 고지는 모두 유지.	Picky/Hub/Statistics/PickyHubClassificationSettingsView.swift; agentd/src/application/hub-statistics-service.ts
catalog	hub.settings.classification.accessibilityHint	en	Requires a confirmed statistics snapshot before it can change.	Available after statistics have loaded.	모델 작업 분류의 모호함과 스냅샷 용어를 줄임. 전송 데이터·비용·끄기 효과 고지는 모두 유지.	Picky/Hub/Statistics/PickyHubClassificationSettingsView.swift; agentd/src/application/hub-statistics-service.ts
catalog	hub.settings.classification.detail	ko	선택 기능이며 기본적으로 꺼져 있습니다.	선택 기능이며 기본적으로 꺼져 있어요.	모델 작업 분류의 모호함과 스냅샷 용어를 줄임. 전송 데이터·비용·끄기 효과 고지는 모두 유지.	Picky/Hub/Statistics/PickyHubClassificationSettingsView.swift; agentd/src/application/hub-statistics-service.ts
catalog	hub.settings.classification.detail	en	Optional. Off by default.	Optional. Off by default.	모델 작업 분류의 모호함과 스냅샷 용어를 줄임. 전송 데이터·비용·끄기 효과 고지는 모두 유지.	Picky/Hub/Statistics/PickyHubClassificationSettingsView.swift; agentd/src/application/hub-statistics-service.ts
catalog	hub.settings.classification.disclosure	ko	켜면 Picky는 분류 대상 Pickle의 제목, 짧은 사용자 메시지 발췌 최대 5개, 도구 이름과 횟수, 활동 횟수, 변경 파일 수, 서브에이전트 수를 설정한 모델 범위에서 허용된 인증 모델 제공자에게 보냅니다. 모델 할당량을 사용하거나 제공자 비용이 발생할 수 있습니다. 끄면 새 작업을 분류용으로 전송하지 않습니다. 기존 분류 결과와 로컬 통계는 유지됩니다.	켜면 분류 대상 Pickle의 제목, 짧은 사용자 메시지 발췌 최대 5개, 도구 이름과 사용 횟수, 활동 횟수, 변경 파일 수, 서브에이전트 수를 설정한 모델 범위에서 허용된 인증된 AI 제공업체에 보내요. 모델 사용 한도를 소모하거나 비용이 발생할 수 있어요. 끄면 새 작업을 분류용으로 보내지 않아요. 기존 분류 결과와 이 Mac의 통계는 유지돼요.	모델 작업 분류의 모호함과 스냅샷 용어를 줄임. 전송 데이터·비용·끄기 효과 고지는 모두 유지.	Picky/Hub/Statistics/PickyHubClassificationSettingsView.swift; agentd/src/application/hub-statistics-service.ts
catalog	hub.settings.classification.disclosure	en	When enabled, Picky sends each eligible Pickle's title, up to five short user-message excerpts, tool names and counts, activity counts, changed-file count, and subagent count to an authenticated model provider allowed by your configured model scope. This may use your model quota or incur provider costs. When off, new work is not sent for classification. Existing classifications and local statistics are retained.	When enabled, Picky sends each eligible Pickle's title, up to five short user-message excerpts, tool names and counts, activity counts, changed-file count, and subagent count to an authenticated model provider allowed by your configured model scope. This may use your model quota or incur provider costs. When off, new work is not sent for classification. Existing classifications and local statistics are retained.	모델 작업 분류의 모호함과 스냅샷 용어를 줄임. 전송 데이터·비용·끄기 효과 고지는 모두 유지.	Picky/Hub/Statistics/PickyHubClassificationSettingsView.swift; agentd/src/application/hub-statistics-service.ts
catalog	hub.settings.classification.title	ko	모델 작업 분류	AI 작업 분류	모델 작업 분류의 모호함과 스냅샷 용어를 줄임. 전송 데이터·비용·끄기 효과 고지는 모두 유지.	Picky/Hub/Statistics/PickyHubClassificationSettingsView.swift; agentd/src/application/hub-statistics-service.ts
catalog	hub.settings.classification.title	en	Model work classification	AI work classification	모델 작업 분류의 모호함과 스냅샷 용어를 줄임. 전송 데이터·비용·끄기 효과 고지는 모두 유지.	Picky/Hub/Statistics/PickyHubClassificationSettingsView.swift; agentd/src/application/hub-statistics-service.ts
catalog	hub.settings.fontScale.detail	ko	Picky 전체에 적용할 글자 크기를 조정합니다.	Picky 전체에 적용할 글자 크기를 조정해요.	사용자가 읽는 안내에서 전문용어와 번역투를 줄이고 해요체로 통일. 고급 설정의 기술명은 유지.	Picky/Hub/Pages/PickyHubSettingsPage.swift
catalog	hub.settings.fontScale.detail	en	Adjust the size used across Picky.	Adjust the size used across Picky.	사용자가 읽는 안내에서 전문용어와 번역투를 줄이고 해요체로 통일. 고급 설정의 기술명은 유지.	Picky/Hub/Pages/PickyHubSettingsPage.swift
catalog	hub.settings.group.general.subtitle	ko	표시와 업데이트	언어, 화면 모양, 업데이트	영문과 같은 설정 범위를 안내.	Picky/Hub/Pages/PickyHubSettingsPage.swift
catalog	hub.settings.group.general.subtitle	en	Language, appearance, and updates	Language, appearance, and updates	영문과 같은 설정 범위를 안내.	Picky/Hub/Pages/PickyHubSettingsPage.swift
catalog	hub.settings.notification.detail	ko	Picky가 알릴 시점을 선택합니다.	Picky가 알릴 시점을 선택하세요.	사용자가 읽는 안내에서 전문용어와 번역투를 줄이고 해요체로 통일. 고급 설정의 기술명은 유지.	Picky/Hub/Pages/PickyHubSettingsPage.swift
catalog	hub.settings.notification.detail	en	Choose when Picky should notify you.	Choose when Picky should notify you.	사용자가 읽는 안내에서 전문용어와 번역투를 줄이고 해요체로 통일. 고급 설정의 기술명은 유지.	Picky/Hub/Pages/PickyHubSettingsPage.swift
catalog	hub.settings.onboarding	ko	온보딩 다시 보기	처음 사용 안내 다시 보기	사용자가 읽는 안내에서 전문용어와 번역투를 줄이고 해요체로 통일. 고급 설정의 기술명은 유지.	Picky/Hub/Pages/PickyHubSettingsPage.swift
catalog	hub.settings.onboarding	en	Replay onboarding	Replay setup guide	사용자가 읽는 안내에서 전문용어와 번역투를 줄이고 해요체로 통일. 고급 설정의 기술명은 유지.	Picky/Hub/Pages/PickyHubSettingsPage.swift
catalog	hub.settings.onboarding.detail	ko	처음 사용 안내를 처음 단계부터 다시 확인합니다.	처음 사용 안내를 첫 단계부터 다시 확인해요.	사용자가 읽는 안내에서 전문용어와 번역투를 줄이고 해요체로 통일. 고급 설정의 기술명은 유지.	Picky/Hub/Pages/PickyHubSettingsPage.swift
catalog	hub.settings.onboarding.detail	en	Start the first-use guide again.	Start the first-use guide again.	사용자가 읽는 안내에서 전문용어와 번역투를 줄이고 해요체로 통일. 고급 설정의 기술명은 유지.	Picky/Hub/Pages/PickyHubSettingsPage.swift
catalog	hub.settings.onboarding.dialog.message	ko	처음 사용 안내의 진행 상태가 처음 단계로 돌아갑니다.	지금 바로 처음부터 안내 데모를 시작해요. 데모 중에는 눌러서 말하기와 빠른 입력을 사용할 수 없어요.	진행 상태 초기화뿐 아니라 즉시 데모가 시작됨	Picky/Hub/Pages/PickyHubSettingsPage.swift:420; Picky/CompanionManager.swift:1231
catalog	hub.settings.onboarding.dialog.message	en	Your onboarding progress will return to the first step.	Start the guide now from the beginning. Push to Talk and Quick Input are unavailable during the demo.	진행 상태 초기화뿐 아니라 즉시 데모가 시작됨	Picky/Hub/Pages/PickyHubSettingsPage.swift:420; Picky/CompanionManager.swift:1231
catalog	hub.settings.onboarding.dialog.title	ko	온보딩을 다시 시작할까요?	처음 사용 안내를 다시 시작할까요?	사용자가 읽는 안내에서 전문용어와 번역투를 줄이고 해요체로 통일. 고급 설정의 기술명은 유지.	Picky/Hub/Pages/PickyHubSettingsPage.swift
catalog	hub.settings.onboarding.dialog.title	en	Replay onboarding?	Replay setup guide?	사용자가 읽는 안내에서 전문용어와 번역투를 줄이고 해요체로 통일. 고급 설정의 기술명은 유지.	Picky/Hub/Pages/PickyHubSettingsPage.swift
catalog	hub.settings.permission.detail	ko	이 권한은 시스템 설정에서 관리할 수 있습니다.	이 권한은 시스템 설정에서 관리할 수 있어요.	사용자가 읽는 안내에서 전문용어와 번역투를 줄이고 해요체로 통일. 고급 설정의 기술명은 유지.	Picky/Hub/Pages/PickyHubSettingsPage.swift
catalog	hub.settings.permission.detail	en	Manage this permission in System Settings.	Manage this permission in System Settings.	사용자가 읽는 안내에서 전문용어와 번역투를 줄이고 해요체로 통일. 고급 설정의 기술명은 유지.	Picky/Hub/Pages/PickyHubSettingsPage.swift
localized_source	hub.settings.permission.request	ko	확인 필요 · 시스템 설정	접근 허용 요청	시스템 설정 이동이 아닌 앱 내 권한 요청	challenger 지적에 따른 실제 View의 상태 분기
localized_source	hub.settings.permission.request	en	확인 필요 · 시스템 설정	Request access	시스템 설정 이동이 아닌 앱 내 권한 요청	challenger 지적에 따른 실제 View의 상태 분기
localized_source	hub.settings.permission.request.detail	ko	이 권한은 시스템 설정에서 관리할 수 있습니다.	Picky에서 브라우저 콘텐츠 접근을 요청해요.	권한 요청 동작에 맞춘 설명	challenger 지적에 따른 실제 View의 상태 분기
localized_source	hub.settings.permission.request.detail	en	이 권한은 시스템 설정에서 관리할 수 있습니다.	Request browser content access in Picky.	권한 요청 동작에 맞춘 설명	challenger 지적에 따른 실제 View의 상태 분기
catalog	hub.settings.pinnedFolders.detail	ko	Pickle 폴더 선택기 위쪽에 유지할 폴더입니다.	Pickle 작업 폴더를 고를 때 목록 위쪽에 표시할 폴더예요.	사용자가 읽는 안내에서 전문용어와 번역투를 줄이고 해요체로 통일. 고급 설정의 기술명은 유지.	Picky/Hub/Pages/PickyHubSettingsPage.swift
catalog	hub.settings.pinnedFolders.detail	en	Folders kept at the top of the Pickle folder picker.	Folders kept at the top of the Pickle folder picker.	사용자가 읽는 안내에서 전문용어와 번역투를 줄이고 해요체로 통일. 고급 설정의 기술명은 유지.	Picky/Hub/Pages/PickyHubSettingsPage.swift
catalog	hub.settings.privacy.notice	ko	대화, Pickle 기록, 설정은 기본적으로 이 Mac의 Picky 앱 데이터에 보관됩니다. 선택한 AI·음성 제공업체를 사용할 때 요청 텍스트, 음성 또는 선택한 화면 맥락이 해당 제공업체로 전송될 수 있습니다.	대화, Pickle 기록, 설정은 기본적으로 이 Mac에 보관돼요. AI·음성 제공업체를 사용하면 요청 텍스트, 음성 또는 선택한 화면 맥락이 해당 제공업체로 전송될 수 있어요.	사용자가 읽는 안내에서 전문용어와 번역투를 줄이고 해요체로 통일. 고급 설정의 기술명은 유지.	Picky/Hub/Pages/PickyHubSettingsPage.swift
catalog	hub.settings.privacy.notice	en	Conversations, Pickle history, and settings stay on this Mac by default. When you use an AI or voice provider, the selected request text, audio, or screen context may be sent to that provider.	Conversations, Pickle history, and settings stay on this Mac by default. When you use an AI or voice provider, the selected request text, audio, or screen context may be sent to that provider.	사용자가 읽는 안내에서 전문용어와 번역투를 줄이고 해요체로 통일. 고급 설정의 기술명은 유지.	Picky/Hub/Pages/PickyHubSettingsPage.swift
catalog	hub.settings.recentFolders.detail	ko	최근 Pickle을 시작할 때 사용한 폴더입니다.	최근 Pickle을 시작할 때 사용한 폴더예요.	사용자가 읽는 안내에서 전문용어와 번역투를 줄이고 해요체로 통일. 고급 설정의 기술명은 유지.	Picky/Hub/Pages/PickyHubSettingsPage.swift
catalog	hub.settings.recentFolders.detail	en	Folders recently used to start a Pickle.	Folders recently used to start a Pickle.	사용자가 읽는 안내에서 전문용어와 번역투를 줄이고 해요체로 통일. 고급 설정의 기술명은 유지.	Picky/Hub/Pages/PickyHubSettingsPage.swift
catalog	hub.settings.reportFontScale.detail	ko	생성된 보고서 창에 적용합니다.	생성된 보고서 창에 적용해요.	사용자가 읽는 안내에서 전문용어와 번역투를 줄이고 해요체로 통일. 고급 설정의 기술명은 유지.	Picky/Hub/Pages/PickyHubSettingsPage.swift
catalog	hub.settings.reportFontScale.detail	en	Applies to generated report windows.	Applies to generated report windows.	사용자가 읽는 안내에서 전문용어와 번역투를 줄이고 해요체로 통일. 고급 설정의 기술명은 유지.	Picky/Hub/Pages/PickyHubSettingsPage.swift
catalog	hub.settings.restart.message	ko	변경 사항을 적용하려면 다시 시작이 필요해요.	변경 사항을 적용하려면 Picky를 다시 시작해야 해요.	다시 시작할 대상을 명시.	Picky/Hub/Pages/PickyHubSettingsPage.swift
catalog	hub.settings.restart.message	en	Restart Picky to apply these changes.	Restart Picky to apply these changes.	다시 시작할 대상을 명시.	Picky/Hub/Pages/PickyHubSettingsPage.swift
catalog	hub.settings.shellCommand	ko	셸 명령 도구	picky 명령 관리	즉시 설치가 아닌 설치·제거 관리창을 여는 버튼	Picky/Hub/Pages/PickyHubSettingsPage.swift:930
catalog	hub.settings.shellCommand	en	Shell command tool	Manage picky command	즉시 설치가 아닌 설치·제거 관리창을 여는 버튼	Picky/Hub/Pages/PickyHubSettingsPage.swift:930
catalog	hub.settings.shellCommand.detail	ko	Picky의 명령줄 도우미를 설치하거나 다시 설치합니다.	터미널에서 쓰는 picky 명령을 설치·재설치하거나 제거해요.	관리창의 실제 선택지를 예고	Picky/App/ShellCommandMenuController.swift
catalog	hub.settings.shellCommand.detail	en	Install or reinstall Picky’s command-line helper.	Install, reinstall, or remove the picky command used in Terminal.	관리창의 실제 선택지를 예고	Picky/App/ShellCommandMenuController.swift
catalog	hub.settings.statisticsReset	ko	통계 데이터 초기화	작업 분류 초기화	실제로 삭제되는 분류 결과와 유지되는 기록·사용량을 구분해 전체 통계 삭제 오해 방지.	Picky/Hub/Pages/PickyHubSettingsPage.swift; agentd/src/application/hub-statistics-service.ts: reset unlinks classificationsPath only and rebuilds snapshot from sessions
catalog	hub.settings.statisticsReset	en	Reset statistics data	Reset work classifications	실제로 삭제되는 분류 결과와 유지되는 기록·사용량을 구분해 전체 통계 삭제 오해 방지.	Picky/Hub/Pages/PickyHubSettingsPage.swift; agentd/src/application/hub-statistics-service.ts: reset unlinks classificationsPath only and rebuilds snapshot from sessions
catalog	hub.settings.statisticsReset.action	ko	통계 데이터 초기화	작업 분류 초기화	실제로 삭제되는 분류 결과와 유지되는 기록·사용량을 구분해 전체 통계 삭제 오해 방지.	Picky/Hub/Pages/PickyHubSettingsPage.swift; agentd/src/application/hub-statistics-service.ts: reset unlinks classificationsPath only and rebuilds snapshot from sessions
catalog	hub.settings.statisticsReset.action	en	Reset statistics	Reset classifications	실제로 삭제되는 분류 결과와 유지되는 기록·사용량을 구분해 전체 통계 삭제 오해 방지.	Picky/Hub/Pages/PickyHubSettingsPage.swift; agentd/src/application/hub-statistics-service.ts: reset unlinks classificationsPath only and rebuilds snapshot from sessions
catalog	hub.settings.statisticsReset.detail	ko	저장된 통계 분류를 초기화하며, 이 작업은 되돌릴 수 없습니다.	저장된 분류를 삭제해요. AI 작업 분류가 켜져 있으면 다시 분류될 수 있어요. 작업 기록과 AI 사용량은 유지돼요.	초기화의 실제 범위와 재분류 조건 공개	Picky/Hub/Pages/PickyHubSettingsPage.swift; agentd/src/application/hub-statistics-service.ts: reset unlinks classificationsPath only and rebuilds snapshot from sessions
catalog	hub.settings.statisticsReset.detail	en	Remove saved statistics classifications. This cannot be undone.	Delete saved classifications. With AI work classification on, Pickles may be classified again. Work records and AI usage remain.	초기화의 실제 범위와 재분류 조건 공개	Picky/Hub/Pages/PickyHubSettingsPage.swift; agentd/src/application/hub-statistics-service.ts: reset unlinks classificationsPath only and rebuilds snapshot from sessions
catalog	hub.settings.statisticsReset.dialog.confirm	ko	통계 데이터 초기화	작업 분류 초기화	실제로 삭제되는 분류 결과와 유지되는 기록·사용량을 구분해 전체 통계 삭제 오해 방지.	Picky/Hub/Pages/PickyHubSettingsPage.swift; agentd/src/application/hub-statistics-service.ts: reset unlinks classificationsPath only and rebuilds snapshot from sessions
catalog	hub.settings.statisticsReset.dialog.confirm	en	Reset statistics	Reset classifications	실제로 삭제되는 분류 결과와 유지되는 기록·사용량을 구분해 전체 통계 삭제 오해 방지.	Picky/Hub/Pages/PickyHubSettingsPage.swift; agentd/src/application/hub-statistics-service.ts: reset unlinks classificationsPath only and rebuilds snapshot from sessions
catalog	hub.settings.statisticsReset.dialog.message	ko	저장된 통계 분류가 삭제되며, 초기화한 데이터는 복구할 수 없습니다.	저장된 작업 분류를 삭제해요. AI 작업 분류가 켜져 있으면 기존 Pickle도 다시 분류될 수 있어요. 작업 기록, AI 사용량, 분류 설정은 유지돼요.	분류 설정 유지와 자동 재분류 가능성 공개	Picky/Hub/Pages/PickyHubSettingsPage.swift; agentd/src/application/hub-statistics-service.ts: reset unlinks classificationsPath only and rebuilds snapshot from sessions
catalog	hub.settings.statisticsReset.dialog.message	en	Saved statistics classifications will be removed and cannot be restored.	Saved work classifications will be deleted. If AI work classification is on, eligible Pickles may be classified again. Work records, AI usage, and classification settings will remain.	분류 설정 유지와 자동 재분류 가능성 공개	Picky/Hub/Pages/PickyHubSettingsPage.swift; agentd/src/application/hub-statistics-service.ts: reset unlinks classificationsPath only and rebuilds snapshot from sessions
catalog	hub.settings.statisticsReset.dialog.title	ko	통계 데이터를 초기화할까요?	작업 분류를 초기화할까요?	실제로 삭제되는 분류 결과와 유지되는 기록·사용량을 구분해 전체 통계 삭제 오해 방지.	Picky/Hub/Pages/PickyHubSettingsPage.swift; agentd/src/application/hub-statistics-service.ts: reset unlinks classificationsPath only and rebuilds snapshot from sessions
catalog	hub.settings.statisticsReset.dialog.title	en	Reset statistics data?	Reset work classifications?	실제로 삭제되는 분류 결과와 유지되는 기록·사용량을 구분해 전체 통계 삭제 오해 방지.	Picky/Hub/Pages/PickyHubSettingsPage.swift; agentd/src/application/hub-statistics-service.ts: reset unlinks classificationsPath only and rebuilds snapshot from sessions
catalog	hub.settings.statisticsReset.pending	ko	통계 데이터를 초기화하는 중…	작업 분류를 초기화하는 중…	실제로 삭제되는 분류 결과와 유지되는 기록·사용량을 구분해 전체 통계 삭제 오해 방지.	Picky/Hub/Pages/PickyHubSettingsPage.swift; agentd/src/application/hub-statistics-service.ts: reset unlinks classificationsPath only and rebuilds snapshot from sessions
catalog	hub.settings.statisticsReset.pending	en	Resetting statistics…	Resetting work classifications…	실제로 삭제되는 분류 결과와 유지되는 기록·사용량을 구분해 전체 통계 삭제 오해 방지.	Picky/Hub/Pages/PickyHubSettingsPage.swift; agentd/src/application/hub-statistics-service.ts: reset unlinks classificationsPath only and rebuilds snapshot from sessions
catalog	hub.settings.statisticsReset.success	ko	통계 데이터를 초기화했습니다.	작업 분류를 초기화했어요.	실제로 삭제되는 분류 결과와 유지되는 기록·사용량을 구분해 전체 통계 삭제 오해 방지.	Picky/Hub/Pages/PickyHubSettingsPage.swift; agentd/src/application/hub-statistics-service.ts: reset unlinks classificationsPath only and rebuilds snapshot from sessions
catalog	hub.settings.statisticsReset.success	en	Statistics data was reset.	Work classifications were reset.	실제로 삭제되는 분류 결과와 유지되는 기록·사용량을 구분해 전체 통계 삭제 오해 방지.	Picky/Hub/Pages/PickyHubSettingsPage.swift; agentd/src/application/hub-statistics-service.ts: reset unlinks classificationsPath only and rebuilds snapshot from sessions
catalog	hub.settings.terminalFontScale.detail	ko	명령과 도구 출력에 적용합니다.	명령과 도구 출력에 적용해요.	사용자가 읽는 안내에서 전문용어와 번역투를 줄이고 해요체로 통일. 고급 설정의 기술명은 유지.	Picky/Hub/Pages/PickyHubSettingsPage.swift
catalog	hub.settings.terminalFontScale.detail	en	Applies to command and tool output.	Applies to command and tool output.	사용자가 읽는 안내에서 전문용어와 번역투를 줄이고 해요체로 통일. 고급 설정의 기술명은 유지.	Picky/Hub/Pages/PickyHubSettingsPage.swift
catalog	hub.settings.updateChannel.detail	ko	안정판 또는 미리 보기 업데이트를 받습니다.	안정판 또는 미리 보기 업데이트를 선택하세요.	사용자가 읽는 안내에서 전문용어와 번역투를 줄이고 해요체로 통일. 고급 설정의 기술명은 유지.	Picky/Hub/Pages/PickyHubSettingsPage.swift
catalog	hub.settings.updateChannel.detail	en	Choose stable or preview updates.	Choose stable or preview updates.	사용자가 읽는 안내에서 전문용어와 번역투를 줄이고 해요체로 통일. 고급 설정의 기술명은 유지.	Picky/Hub/Pages/PickyHubSettingsPage.swift
catalog	hub.settings.watchdog.detail	ko	앱 응답이 지연될 때 진단 신호를 남깁니다.	앱 응답이 지연되면 진단 기록을 남겨요.	사용자가 읽는 안내에서 전문용어와 번역투를 줄이고 해요체로 통일. 고급 설정의 기술명은 유지.	Picky/Hub/Pages/PickyHubSettingsPage.swift
catalog	hub.settings.watchdog.detail	en	Record a diagnostic signal when the app becomes unresponsive.	Record a diagnostic signal when the app becomes unresponsive.	사용자가 읽는 안내에서 전문용어와 번역투를 줄이고 해요체로 통일. 고급 설정의 기술명은 유지.	Picky/Hub/Pages/PickyHubSettingsPage.swift
catalog	hub.stats.error.disconnected	ko	통계를 불러오는 중 picky-agentd 연결이 끊어졌어요.	연결이 끊겨 통계를 불러오지 못했어요. 다시 시도해 주세요.	일반 사용자에게 내부 프로세스 이름 대신 실패한 작업과 다음 행동을 안내.	Picky/Hub/Statistics/PickyHubStatisticsStore.swift; Picky/Hub/Pages/PickyHubStatisticsPage.swift (retry action)
catalog	hub.stats.error.disconnected	en	Lost the connection to picky-agentd while loading statistics.	The connection was lost while loading statistics. Try again.	일반 사용자에게 내부 프로세스 이름 대신 실패한 작업과 다음 행동을 안내.	Picky/Hub/Statistics/PickyHubStatisticsStore.swift; Picky/Hub/Pages/PickyHubStatisticsPage.swift (retry action)
catalog	hub.stats.usage.costNotice	ko	비용은 추정하지 않습니다. 연결된 제공업체에서 비용을 확인하세요.	비용은 추정하지 않아요. 연결된 제공업체에서 확인해 주세요.	설명·빈 상태 안내를 해요체로 통일하고 읽기 쉬운 문장으로 정리.	Picky/Hub/Pages/PickyHubStatisticsPage.swift
catalog	hub.stats.usage.costNotice	en	We do not estimate costs. Check costs with your connected provider.	We do not estimate costs. Check costs with your connected provider.	설명·빈 상태 안내를 해요체로 통일하고 읽기 쉬운 문장으로 정리.	Picky/Hub/Pages/PickyHubStatisticsPage.swift
catalog	hub.stats.usage.empty.message	ko	연결된 제공업체의 사용량이 이곳에 표시됩니다.	선택한 기간과 프로젝트에 기록된 AI 사용량이 없어요. Picky 작업에서 기록된 사용량이 생기면 이곳에 표시돼요.	모든 작업에 사용량 기록이 생긴다고 보장하지 않음	Picky/Hub/Statistics/PickyHubStatisticsModels.swift
catalog	hub.stats.usage.empty.message	en	Usage from connected providers will appear here.	No AI usage is recorded for this period and project. Recorded usage from Picky tasks appears here when available.	모든 작업에 사용량 기록이 생긴다고 보장하지 않음	Picky/Hub/Statistics/PickyHubStatisticsModels.swift
catalog	hub.stats.work.classifying	ko	%lld개 Pickle은 아직 분류 중이에요.	아직 분류되지 않은 Pickle이 %lld개 있어요.	pendingClassificationCount는 실행 중인 분류가 아니라 unclassified 개수이며 기능이 꺼져도 존재.	agentd/src/application/hub-statistics-service.ts: snapshotFor; Picky/Hub/Pages/PickyHubStatisticsPage.swift
catalog	hub.stats.work.classifying	en	%lld Pickles are still being classified.	%lld Pickles have not been classified.	pendingClassificationCount는 실행 중인 분류가 아니라 unclassified 개수이며 기능이 꺼져도 존재.	agentd/src/application/hub-statistics-service.ts: snapshotFor; Picky/Hub/Pages/PickyHubStatisticsPage.swift
catalog	hub.stats.work.empty.message	ko	선택한 기간과 프로젝트에서 작업 기록을 찾지 못했습니다. 대시보드에서 새 작업을 시작해보세요.	선택한 기간과 프로젝트에 작업 기록이 없어요. 대시보드에서 새 작업을 시작해 보세요.	설명·빈 상태 안내를 해요체로 통일하고 읽기 쉬운 문장으로 정리.	Picky/Hub/Pages/PickyHubStatisticsPage.swift
catalog	hub.stats.work.empty.message	en	No work records match this period and project. Start something from the dashboard.	No work records match this period and project. Start something from the dashboard.	설명·빈 상태 안내를 해요체로 통일하고 읽기 쉬운 문장으로 정리.	Picky/Hub/Pages/PickyHubStatisticsPage.swift
catalog	hub.stats.work.records.caption	ko	후속 지시, Picky 위임, 검토는 완료 수가 아니라 각 Pickle 안의 상호작용 횟수입니다.	후속 지시, Picky 위임, 검토는 완료한 작업 수가 아니라 각 Pickle에서 주고받은 횟수예요.	설명·빈 상태 안내를 해요체로 통일하고 읽기 쉬운 문장으로 정리.	Picky/Hub/Pages/PickyHubStatisticsPage.swift
catalog	hub.stats.work.records.caption	en	Follow-ups, delegations, and reviews are interaction counts, not completed tasks.	Follow-ups, delegations, and reviews are interaction counts, not completed tasks.	설명·빈 상태 안내를 해요체로 통일하고 읽기 쉬운 문장으로 정리.	Picky/Hub/Pages/PickyHubStatisticsPage.swift
catalog	hud.activity.summary.toolsUsed.many	ko	도구 %lld회 사용	도구 %lld회 사용	영문도 도구 종류 수가 아닌 실행 횟수로 표현.	Picky/HUD/Conversation/Bubbles/PickyActivitySummaryView.swift: completedToolUseDisplayText formats totalToolCalls.
catalog	hud.activity.summary.toolsUsed.many	en	Used %lld tools	Made %lld tool calls	영문도 도구 종류 수가 아닌 실행 횟수로 표현.	Picky/HUD/Conversation/Bubbles/PickyActivitySummaryView.swift: completedToolUseDisplayText formats totalToolCalls.
catalog	hud.activity.summary.toolsUsed.one	ko	도구 %lld회 사용	도구 %lld회 사용	영문도 도구 종류 수가 아닌 실행 횟수로 표현.	Picky/HUD/Conversation/Bubbles/PickyActivitySummaryView.swift: completedToolUseDisplayText formats totalToolCalls.
catalog	hud.activity.summary.toolsUsed.one	en	Used %lld tool	Made %lld tool call	영문도 도구 종류 수가 아닌 실행 횟수로 표현.	Picky/HUD/Conversation/Bubbles/PickyActivitySummaryView.swift: completedToolUseDisplayText formats totalToolCalls.
localized_source	hud.archive.confirmDelete.accessibility	ko	".accessibilityLabel(isDeleteArmed ? ""Confirm delete Pickle"" : ""Delete Pickle"")
.accessibilityLabel(isDeleteArmed ? L10n.t(""hud.archive.confirmDelete.accessibility"") : ""Delete Pickle"")"	Pickle 삭제 확인	Hardcoded UI copy bypassed the selected app language.	Picky/HUD/Conversation/PickyHUDArchivedSessionsListView.swift
localized_source	hud.archive.confirmDelete.accessibility	en	".accessibilityLabel(isDeleteArmed ? ""Confirm delete Pickle"" : ""Delete Pickle"")
.accessibilityLabel(isDeleteArmed ? L10n.t(""hud.archive.confirmDelete.accessibility"") : ""Delete Pickle"")"	Confirm Pickle deletion	Hardcoded UI copy bypassed the selected app language.	Picky/HUD/Conversation/PickyHUDArchivedSessionsListView.swift
localized_source	hud.archive.delete.accessibility	ko	".accessibilityLabel(isDeleteArmed ? L10n.t(""hud.archive.confirmDelete.accessibility"") : ""Delete Pickle"")"	Pickle 삭제	Hardcoded UI copy bypassed the selected app language.	Picky/HUD/Conversation/PickyHUDArchivedSessionsListView.swift
localized_source	hud.archive.delete.accessibility	en	".accessibilityLabel(isDeleteArmed ? L10n.t(""hud.archive.confirmDelete.accessibility"") : ""Delete Pickle"")"	Delete Pickle	Hardcoded UI copy bypassed the selected app language.	Picky/HUD/Conversation/PickyHUDArchivedSessionsListView.swift
localized_source	hud.archive.deleteAll.accessibility	ko	Delete all archived Pickles	진행 중이 아닌 보관 Pickle 삭제	실제 삭제 범위와 실패 결과를 안내	Picky/PickySessionViewModel.swift
localized_source	hud.archive.deleteAll.accessibility	en	Delete all archived Pickles	Delete inactive archived Pickles	실제 삭제 범위와 실패 결과를 안내	Picky/PickySessionViewModel.swift
localized_source	hud.archive.restore.accessibility	ko	Restore Pickle	Pickle 복원	Hardcoded UI copy bypassed the selected app language.	Picky/HUD/Conversation/PickyHUDArchivedSessionsListView.swift
localized_source	hud.archive.restore.accessibility	en	Restore Pickle	Restore Pickle	Hardcoded UI copy bypassed the selected app language.	Picky/HUD/Conversation/PickyHUDArchivedSessionsListView.swift
catalog	hud.archiveToast.title	ko	세션을 아카이브했어요	Pickle을 보관했어요	사용자가 보는 동작과 대상을 구체적으로 표현하고 한국어 안내 말투를 맞춤.	Picky/HUD/PickyHUDArchiveUndoToast.swift
catalog	hud.archiveToast.title	en	Session archived	Pickle archived	사용자가 보는 동작과 대상을 구체적으로 표현하고 한국어 안내 말투를 맞춤.	Picky/HUD/PickyHUDArchiveUndoToast.swift
catalog	hud.archivedList.confirmDelete	ko	한 번 더 누르면 삭제	한 번 더 클릭하면 삭제	사용자가 보는 동작과 대상을 구체적으로 표현하고 한국어 안내 말투를 맞춤.	Picky/HUD/Conversation/PickyHUDArchivedSessionsListView.swift
catalog	hud.archivedList.confirmDelete	en	Tap again to delete	Click again to delete	사용자가 보는 동작과 대상을 구체적으로 표현하고 한국어 안내 말투를 맞춤.	Picky/HUD/Conversation/PickyHUDArchivedSessionsListView.swift
catalog	hud.archivedList.confirmDeleteAllMessage	ko	이 작업은 되돌릴 수 없어요. 모든 아카이브 Pickle이 Picky와 로컬 에이전트 세션 저장소에서 함께 제거돼요.	보관된 Pickle 중 완료·실패·중지·진행 불가 상태만 영구 삭제해요. 실행 중이거나 실행·입력 대기 중인 Pickle은 남겨 둬요. 삭제는 되돌릴 수 없어요.	실제 삭제 범위와 실패 결과를 안내	Picky/PickySessionViewModel.swift
catalog	hud.archivedList.confirmDeleteAllMessage	en	This action cannot be undone. Every archived Pickle is removed from Picky and from the local agent's session store.	Only archived Pickles that have completed, failed, stopped, or cannot continue will be permanently deleted. Running, queued, and input-waiting Pickles will remain. This cannot be undone.	실제 삭제 범위와 실패 결과를 안내	Picky/PickySessionViewModel.swift
catalog	hud.archivedList.confirmDeleteAllTitle	ko	아카이브된 Pickle %lld개를 영구 삭제할까요?	진행 중이 아닌 Pickle %lld개를 삭제할까요?	실제 삭제 범위와 실패 결과를 안내	Picky/PickySessionViewModel.swift
catalog	hud.archivedList.confirmDeleteAllTitle	en	Permanently delete %lld archived Pickles?	Delete %lld inactive Pickles?	실제 삭제 범위와 실패 결과를 안내	Picky/PickySessionViewModel.swift
catalog	hud.archivedList.deleteAll	ko	전체 삭제	진행 중이 아닌 Pickle 삭제	실제 삭제 범위와 실패 결과를 안내	Picky/PickySessionViewModel.swift
catalog	hud.archivedList.deleteAll	en	Delete all	Delete inactive Pickles	실제 삭제 범위와 실패 결과를 안내	Picky/PickySessionViewModel.swift
localized_source	hud.archivedList.deleteFailed	ko	(새 안내)	Pickle을 삭제하지 못해 보관 목록에 남겨 뒀어요. %1$@	실제 삭제 범위와 실패 결과를 안내	Picky/PickySessionViewModel.swift
localized_source	hud.archivedList.deleteFailed	en	(새 안내)	Could not delete the Pickle. It remains in the archive. %1$@	실제 삭제 범위와 실패 결과를 안내	Picky/PickySessionViewModel.swift
localized_source	hud.archivedList.deleteUnavailableActive	ko	(새 안내)	아직 진행 중인 Pickle이에요. 복원한 뒤 중단하거나 작업이 끝난 후 삭제해 주세요.	진행 중인 보관 작업의 삭제 제한 안내	Picky/HUD/Conversation/PickyHUDArchivedSessionsListView.swift
localized_source	hud.archivedList.deleteUnavailableActive	en	(새 안내)	This Pickle is still active. Restore it and stop it, or wait for it to finish before deleting.	진행 중인 보관 작업의 삭제 제한 안내	Picky/HUD/Conversation/PickyHUDArchivedSessionsListView.swift
catalog	hud.archivedList.empty	ko	아카이브된 Pickle이 없어요.	보관된 Pickle이 없어요.	Pickle 브랜드 표기와 보관·도구 용어를 화면 전반에서 통일.	Picky/HUD/Conversation/PickyHUDArchivedSessionsListView.swift
catalog	hud.archivedList.empty	en	No archived Pickles.	No archived Pickles.	Pickle 브랜드 표기와 보관·도구 용어를 화면 전반에서 통일.	Picky/HUD/Conversation/PickyHUDArchivedSessionsListView.swift
catalog	hud.archivedList.title	ko	아카이브된 Pickle	보관된 Pickle	Pickle 브랜드 표기와 보관·도구 용어를 화면 전반에서 통일.	Picky/HUD/Conversation/PickyHUDArchivedSessionsListView.swift
catalog	hud.archivedList.title	en	Archived Pickles	Archived Pickles	Pickle 브랜드 표기와 보관·도구 용어를 화면 전반에서 통일.	Picky/HUD/Conversation/PickyHUDArchivedSessionsListView.swift
catalog	hud.artifacts.accessibilityLabel	ko	세션 파일 작업물	Pickle의 파일 결과물	사용자가 보는 동작과 대상을 구체적으로 표현하고 한국어 안내 말투를 맞춤.	Picky/HUD/PickySessionArtifactsView.swift
catalog	hud.artifacts.accessibilityLabel	en	Session file artifacts	Pickle file artifacts	사용자가 보는 동작과 대상을 구체적으로 표현하고 한국어 안내 말투를 맞춤.	Picky/HUD/PickySessionArtifactsView.swift
catalog	hud.artifacts.empty	ko	Pi가 파일 저장 도구로 저장한 문서·데이터·이미지가 여기에 모여요	이 Pickle이 저장한 파일은 여기에 표시돼요.	내부 파일 저장 도구 대신 사용자가 찾는 결과 안내	최종 사용처 및 challenger 지적 대조
catalog	hud.artifacts.empty	en	Files Pi saved with its file-writing tool—documents, data, and images—appear here	Files saved by this Pickle will appear here.	내부 파일 저장 도구 대신 사용자가 찾는 결과 안내	최종 사용처 및 challenger 지적 대조
localized_source	hud.attachment.remove	ko	Remove attachment	첨부 파일 제거	Hardcoded UI copy bypassed the selected app language.	Picky/HUD/Conversation/PickyComposerAttachmentChipView.swift
localized_source	hud.attachment.remove	en	Remove attachment	Remove attachment	Hardcoded UI copy bypassed the selected app language.	Picky/HUD/Conversation/PickyComposerAttachmentChipView.swift
localized_source	hud.attachment.removeNamed	ko	Remove attachment \(attachment.displayName)	첨부 파일 %@ 제거	Localize hardcoded user-visible copy.	Picky/HUD/Conversation/PickyComposerAttachmentChipView.swift
localized_source	hud.attachment.removeNamed	en	Remove attachment \(attachment.displayName)	Remove attachment %@	Localize hardcoded user-visible copy.	Picky/HUD/Conversation/PickyComposerAttachmentChipView.swift
localized_source	hud.card.resize.help	ko	Drag the corner to resize this Pickle card. Double-click to reset the size.	모서리를 끌어 Pickle 카드 크기를 조절하세요. 두 번 클릭하면 원래 크기로 돌아가요.	Hardcoded UI copy bypassed the selected app language.	Picky/HUD/PickyHUDView.swift
localized_source	hud.card.resize.help	en	Drag the corner to resize this Pickle card. Double-click to reset the size.	Drag the corner to resize this Pickle card. Double-click to reset its size.	Hardcoded UI copy bypassed the selected app language.	Picky/HUD/PickyHUDView.swift
catalog	hud.changes.accessibilityLabel	ko	세션 변경사항	Pickle 변경사항	사용자가 보는 동작과 대상을 구체적으로 표현하고 한국어 안내 말투를 맞춤.	Picky/HUD/PickySessionChangesView.swift
catalog	hud.changes.accessibilityLabel	en	Session changes	Pickle changes	사용자가 보는 동작과 대상을 구체적으로 표현하고 한국어 안내 말투를 맞춤.	Picky/HUD/PickySessionChangesView.swift
catalog	hud.changes.diffTruncated	ko	diff 출력이 잘렸습니다	변경 내용이 길어 일부만 표시해요	사용자가 보는 동작과 대상을 구체적으로 표현하고 한국어 안내 말투를 맞춤.	Picky/HUD/PickySessionChangesView.swift
catalog	hud.changes.diffTruncated	en	Diff output was truncated	The diff is too long to display in full	사용자가 보는 동작과 대상을 구체적으로 표현하고 한국어 안내 말투를 맞춤.	Picky/HUD/PickySessionChangesView.swift
catalog	hud.changes.empty	ko	이 보기에는 변경사항이 없습니다	이 보기에는 변경사항이 없어요	사용자가 보는 동작과 대상을 구체적으로 표현하고 한국어 안내 말투를 맞춤.	Picky/HUD/PickySessionChangesView.swift
catalog	hud.changes.empty	en	No changes in this view	No changes in this view	사용자가 보는 동작과 대상을 구체적으로 표현하고 한국어 안내 말투를 맞춤.	Picky/HUD/PickySessionChangesView.swift
catalog	hud.changes.error	ko	변경사항 오류: %@	변경사항을 불러오지 못했어요: %@	사용자가 보는 동작과 대상을 구체적으로 표현하고 한국어 안내 말투를 맞춤.	Picky/HUD/PickySessionChangesView.swift
catalog	hud.changes.error	en	Changes error: %@	Could not load changes: %@	사용자가 보는 동작과 대상을 구체적으로 표현하고 한국어 안내 말투를 맞춤.	Picky/HUD/PickySessionChangesView.swift
catalog	hud.changes.fileSummary	ko	%@, 추가 %lld개, 삭제 %lld개	%@, %lld줄 추가, %lld줄 삭제	사용자가 보는 동작과 대상을 구체적으로 표현하고 한국어 안내 말투를 맞춤.	Picky/HUD/PickySessionChangesView.swift
catalog	hud.changes.fileSummary	en	%@, %lld additions, %lld deletions	%@, %lld lines added, %lld lines deleted	사용자가 보는 동작과 대상을 구체적으로 표현하고 한국어 안내 말투를 맞춤.	Picky/HUD/PickySessionChangesView.swift
catalog	hud.changes.filesTruncated	ko	추가 변경 파일은 표시되지 않습니다	변경된 파일 중 일부만 표시해요	사용자가 보는 동작과 대상을 구체적으로 표현하고 한국어 안내 말투를 맞춤.	Picky/HUD/PickySessionChangesView.swift
catalog	hud.changes.filesTruncated	en	More changed files are not shown	Only some changed files are shown	사용자가 보는 동작과 대상을 구체적으로 표현하고 한국어 안내 말투를 맞춤.	Picky/HUD/PickySessionChangesView.swift
catalog	hud.changes.notGitRepository	ko	이 폴더는 Git 저장소가 아닙니다	이 폴더는 Git 저장소가 아니에요	사용자가 보는 동작과 대상을 구체적으로 표현하고 한국어 안내 말투를 맞춤.	Picky/HUD/PickySessionChangesView.swift
catalog	hud.changes.notGitRepository	en	This folder is not a Git repository	This folder is not a Git repository	사용자가 보는 동작과 대상을 구체적으로 표현하고 한국어 안내 말투를 맞춤.	Picky/HUD/PickySessionChangesView.swift
catalog	hud.compact.done.body	ko	이전 컨텍스트를 요약했어요. 에이전트가 더 깔끔한 대화로 이어갈 수 있어요.	이전 대화를 요약했어요. 요약한 내용을 바탕으로 대화를 이어가요.	사용자가 보는 동작과 대상을 구체적으로 표현하고 한국어 안내 말투를 맞춤.	Picky/HUD/Conversation/Bubbles/PickyCompactStatusViews.swift
catalog	hud.compact.done.body	en	Older context was summarized. The agent can continue with a cleaner transcript.	Older conversation was summarized. The agent will use that summary to continue.	사용자가 보는 동작과 대상을 구체적으로 표현하고 한국어 안내 말투를 맞춤.	Picky/HUD/Conversation/Bubbles/PickyCompactStatusViews.swift
catalog	hud.compact.done.title	ko	세션이 압축됐어요	대화를 압축했어요	사용자가 보는 동작과 대상을 구체적으로 표현하고 한국어 안내 말투를 맞춤.	Picky/HUD/Conversation/Bubbles/PickyCompactStatusViews.swift
catalog	hud.compact.done.title	en	Session compacted	Conversation compacted	사용자가 보는 동작과 대상을 구체적으로 표현하고 한국어 안내 말투를 맞춤.	Picky/HUD/Conversation/Bubbles/PickyCompactStatusViews.swift
localized_source	hud.composer.bash.accessibility	ko	".accessibilityLabel(effectiveBashMode == .private ? L10n.t(""hud.composer.bash.private.accessibility"") : ""Bash mode"")"	셸 명령	Hardcoded UI copy bypassed the selected app language.	Picky/HUD/Conversation/PickyConversationComposerView.swift
localized_source	hud.composer.bash.accessibility	en	".accessibilityLabel(effectiveBashMode == .private ? L10n.t(""hud.composer.bash.private.accessibility"") : ""Bash mode"")"	Shell command	Hardcoded UI copy bypassed the selected app language.	Picky/HUD/Conversation/PickyConversationComposerView.swift
localized_source	hud.composer.bash.private.accessibility	ko	".accessibilityLabel(effectiveBashMode == .private ? ""Bash private mode"" : ""Bash mode"")
.accessibilityLabel(effectiveBashMode == .private ? L10n.t(""hud.composer.bash.private.accessibility"") : ""Bash mode"")"	셸 명령, 출력은 Pi에게 전달하지 않음	Hardcoded UI copy bypassed the selected app language.	Picky/HUD/Conversation/PickyConversationComposerView.swift
localized_source	hud.composer.bash.private.accessibility	en	".accessibilityLabel(effectiveBashMode == .private ? ""Bash private mode"" : ""Bash mode"")
.accessibilityLabel(effectiveBashMode == .private ? L10n.t(""hud.composer.bash.private.accessibility"") : ""Bash mode"")"	Shell command, output not shared with Pi	Hardcoded UI copy bypassed the selected app language.	Picky/HUD/Conversation/PickyConversationComposerView.swift
localized_source	hud.composer.bash.private.help	ko	Bash execution · output hidden from Pi context	셸 명령 실행 · 출력은 Pi에게 전달하지 않아요	Hardcoded UI copy bypassed the selected app language.	Picky/HUD/Conversation/PickyConversationComposerView.swift
localized_source	hud.composer.bash.private.help	en	Bash execution · output hidden from Pi context	Run a shell command without sharing its output with Pi	Hardcoded UI copy bypassed the selected app language.	Picky/HUD/Conversation/PickyConversationComposerView.swift
localized_source	hud.composer.bash.shared.help	ko	Bash execution · output added to Pi context	셸 명령 실행 · 출력을 Pi에게 전달해요	Hardcoded UI copy bypassed the selected app language.	Picky/HUD/Conversation/PickyConversationComposerView.swift
localized_source	hud.composer.bash.shared.help	en	Bash execution · output added to Pi context	Run a shell command and share its output with Pi	Hardcoded UI copy bypassed the selected app language.	Picky/HUD/Conversation/PickyConversationComposerView.swift
catalog	hud.composer.placeholder.compacting	ko	압축 후 보낼 메시지를 대기열에 추가…	대화 압축이 끝난 뒤 보낼 메시지…	사용자가 보는 동작과 대상을 구체적으로 표현하고 한국어 안내 말투를 맞춤.	Picky/HUD/Conversation/PickyComposerLabelPolicy.swift
catalog	hud.composer.placeholder.compacting	en	Queue a message for after compaction…	Message to send after compaction…	사용자가 보는 동작과 대상을 구체적으로 표현하고 한국어 안내 말투를 맞춤.	Picky/HUD/Conversation/PickyComposerLabelPolicy.swift
localized_source	hud.composer.placeholder.question	ko	에이전트에 개입 · ⌥↵ 후속 요청 · esc 중지	추가 지시 입력… 질문이 있다면 질문에서 답해 주세요.	질문 없는 입력 대기 상태도 포함하도록 조건부 안내	최종 사용처 및 challenger 지적 대조
localized_source	hud.composer.placeholder.question	en	에이전트에 개입 · ⌥↵ 후속 요청 · esc 중지	Add a separate instruction… If there is a question, answer it in the question form.	질문 없는 입력 대기 상태도 포함하도록 조건부 안내	최종 사용처 및 challenger 지적 대조
catalog	hud.composer.placeholder.recovery	ko	복구 지시를 보내거나 터미널 열기	다시 요청하거나 Pi 터미널 열기	사용자가 보는 동작과 대상을 구체적으로 표현하고 한국어 안내 말투를 맞춤.	Picky/HUD/Conversation/PickyComposerLabelPolicy.swift
catalog	hud.composer.placeholder.recovery	en	Send a recovery steer or open terminal	Send another request or open Pi terminal	사용자가 보는 동작과 대상을 구체적으로 표현하고 한국어 안내 말투를 맞춤.	Picky/HUD/Conversation/PickyComposerLabelPolicy.swift
catalog	hud.composer.placeholder.resume	ko	지시를 보내 에이전트 재개…	메시지를 보내 작업 이어가기…	사용자가 보는 동작과 대상을 구체적으로 표현하고 한국어 안내 말투를 맞춤.	Picky/HUD/Conversation/PickyComposerLabelPolicy.swift
catalog	hud.composer.placeholder.resume	en	Resume this agent with a steer…	Send a message to resume this task…	사용자가 보는 동작과 대상을 구체적으로 표현하고 한국어 안내 말투를 맞춤.	Picky/HUD/Conversation/PickyComposerLabelPolicy.swift
catalog	hud.composer.placeholder.steer	ko	에이전트에 개입 · ⌥↵ 후속 요청 · esc 중지	작업 지시 추가 · ⌥↵ 후속 요청 · esc 중지	사용자가 보는 동작과 대상을 구체적으로 표현하고 한국어 안내 말투를 맞춤.	Picky/HUD/Conversation/PickyComposerLabelPolicy.swift
catalog	hud.composer.placeholder.steer	en	Steer this agent · ⌥↵ Follow-up · esc Stop	Guide the current task · ⌥↵ Follow-up · esc Stop	사용자가 보는 동작과 대상을 구체적으로 표현하고 한국어 안내 말투를 맞춤.	Picky/HUD/Conversation/PickyComposerLabelPolicy.swift
catalog	hud.composer.runtime.accessibilityLabel	ko	작성기 런타임 설정	모델 및 추론 설정	사용자가 보는 동작과 대상을 구체적으로 표현하고 한국어 안내 말투를 맞춤.	Picky/HUD/Conversation/PickyConversationRuntimeControlsView.swift
catalog	hud.composer.runtime.accessibilityLabel	en	Composer runtime controls	Model and thinking settings	사용자가 보는 동작과 대상을 구체적으로 표현하고 한국어 안내 말투를 맞춤.	Picky/HUD/Conversation/PickyConversationRuntimeControlsView.swift
catalog	hud.composer.runtime.defaultThinking	ko	현재 추론 레벨을 새 Pickle 기본값으로 설정	현재 추론 수준을 새 Pickle 기본값으로 설정	사용자가 보는 동작과 대상을 구체적으로 표현하고 한국어 안내 말투를 맞춤.	Picky/HUD/Conversation/PickyConversationRuntimeControlsView.swift
catalog	hud.composer.runtime.defaultThinking	en	Use current thinking level for new Pickles	Use current thinking level for new Pickles	사용자가 보는 동작과 대상을 구체적으로 표현하고 한국어 안내 말투를 맞춤.	Picky/HUD/Conversation/PickyConversationRuntimeControlsView.swift
catalog	hud.composer.runtime.failed	ko	런타임 설정 실패: %@	모델 또는 추론 설정을 변경하지 못했어요: %@	사용자가 보는 동작과 대상을 구체적으로 표현하고 한국어 안내 말투를 맞춤.	Picky/HUD/Conversation/PickyConversationRuntimeControlsView.swift
catalog	hud.composer.runtime.failed	en	Runtime control failed: %@	Could not change model or thinking settings: %@	사용자가 보는 동작과 대상을 구체적으로 표현하고 한국어 안내 말투를 맞춤.	Picky/HUD/Conversation/PickyConversationRuntimeControlsView.swift
catalog	hud.composer.runtime.model.accessibilityHint	ko	모델을 선택합니다. Control-P는 다음 모델로, Shift-Control-P는 이전 모델로 변경합니다.	모델을 선택하세요. Control-P는 다음 모델, Shift-Control-P는 이전 모델로 바꿔요.	사용자가 보는 동작과 대상을 구체적으로 표현하고 한국어 안내 말투를 맞춤.	Picky/HUD/Conversation/PickyConversationRuntimeControlsView.swift
catalog	hud.composer.runtime.model.accessibilityHint	en	Choose model. Control-P cycles forward and Shift-Control-P cycles backward.	Choose model. Control-P cycles forward and Shift-Control-P cycles backward.	사용자가 보는 동작과 대상을 구체적으로 표현하고 한국어 안내 말투를 맞춤.	Picky/HUD/Conversation/PickyConversationRuntimeControlsView.swift
catalog	hud.composer.runtime.picker.advancedReadOnly	ko	이 Pi 모델 범위는 고급 패턴을 사용하므로 여기서는 읽기 전용입니다.	이 Pi 모델 범위는 고급 패턴을 사용해 여기서 변경할 수 없어요.	사용자가 보는 동작과 대상을 구체적으로 표현하고 한국어 안내 말투를 맞춤.	Picky/PickySessionRuntimeOptions.swift; Picky/HUD/Conversation/PickyConversationRuntimeControlsView.swift
catalog	hud.composer.runtime.picker.advancedReadOnly	en	This Pi model scope is read-only here because it uses advanced patterns.	This Pi model scope is read-only here because it uses advanced patterns.	사용자가 보는 동작과 대상을 구체적으로 표현하고 한국어 안내 말투를 맞춤.	Picky/PickySessionRuntimeOptions.swift; Picky/HUD/Conversation/PickyConversationRuntimeControlsView.swift
catalog	hud.composer.runtime.picker.conflict	ko	다른 곳에서 모델 범위가 변경되었습니다. 적용하기 전에 최신 상태를 불러오세요.	다른 곳에서 모델 범위가 변경됐어요. 최신 상태를 불러온 뒤 적용하세요.	사용자가 보는 동작과 대상을 구체적으로 표현하고 한국어 안내 말투를 맞춤.	Picky/Sessions/PickySessionRuntimeControls.swift; Picky/HUD/Conversation/PickyComposerRuntimeControlsModel.swift
catalog	hud.composer.runtime.picker.conflict	en	The model scope changed elsewhere. Reload the latest scope before applying changes.	The model scope changed elsewhere. Reload the latest scope before applying changes.	사용자가 보는 동작과 대상을 구체적으로 표현하고 한국어 안내 말투를 맞춤.	Picky/Sessions/PickySessionRuntimeControls.swift; Picky/HUD/Conversation/PickyComposerRuntimeControlsModel.swift
catalog	hud.composer.runtime.picker.currentOutsideScope	ko	현재 모델(%@)은 이 범위 밖에 있습니다.	현재 모델(%@)은 이 범위에 포함되지 않아요.	사용자가 보는 동작과 대상을 구체적으로 표현하고 한국어 안내 말투를 맞춤.	Picky/HUD/Conversation/PickyConversationRuntimeControlsView.swift
catalog	hud.composer.runtime.picker.currentOutsideScope	en	Current model (%@) is outside this scope.	Current model (%@) is outside this scope.	사용자가 보는 동작과 대상을 구체적으로 표현하고 한국어 안내 말투를 맞춤.	Picky/HUD/Conversation/PickyConversationRuntimeControlsView.swift
catalog	hud.composer.runtime.picker.empty	ko	사용 가능한 모델이 없습니다	사용 가능한 모델이 없어요	사용자가 보는 동작과 대상을 구체적으로 표현하고 한국어 안내 말투를 맞춤.	Picky/HUD/Conversation/PickyConversationRuntimeControlsView.swift
catalog	hud.composer.runtime.picker.empty	en	No models available	No models available	사용자가 보는 동작과 대상을 구체적으로 표현하고 한국어 안내 말투를 맞춤.	Picky/HUD/Conversation/PickyConversationRuntimeControlsView.swift
catalog	hud.composer.runtime.picker.failed	ko	모델을 불러올 수 없습니다: %@	모델을 불러오지 못했어요: %@	사용자가 보는 동작과 대상을 구체적으로 표현하고 한국어 안내 말투를 맞춤.	Picky/HUD/Conversation/PickyConversationRuntimeControlsView.swift
catalog	hud.composer.runtime.picker.failed	en	Could not load models: %@	Could not load models: %@	사용자가 보는 동작과 대상을 구체적으로 표현하고 한국어 안내 말투를 맞춤.	Picky/HUD/Conversation/PickyConversationRuntimeControlsView.swift
catalog	hud.composer.runtime.picker.projectOverride	ko	이 프로젝트는 전역 모델 범위를 재정의합니다. 전역 편집으로 바뀌지 않습니다.	이 프로젝트는 별도의 모델 범위를 사용해요. 전역 설정을 바꿔도 이 프로젝트에는 적용되지 않아요.	사용자가 보는 동작과 대상을 구체적으로 표현하고 한국어 안내 말투를 맞춤.	Picky/HUD/Conversation/PickyConversationRuntimeControlsView.swift
catalog	hud.composer.runtime.picker.projectOverride	en	This project overrides the global model scope. Global edits will not replace it.	This project uses its own model scope. Global changes do not apply to it.	사용자가 보는 동작과 대상을 구체적으로 표현하고 한국어 안내 말투를 맞춤.	Picky/HUD/Conversation/PickyConversationRuntimeControlsView.swift
catalog	hud.composer.runtime.picker.unavailableScope	ko	모델 범위를 사용할 수 없습니다. 최신 상태를 불러온 후 다시 시도하세요.	모델 범위를 불러올 수 없어요. 최신 상태를 불러온 뒤 다시 시도하세요.	사용자가 보는 동작과 대상을 구체적으로 표현하고 한국어 안내 말투를 맞춤.	Picky/HUD/Conversation/PickyComposerRuntimeControlsModel.swift
catalog	hud.composer.runtime.picker.unavailableScope	en	The model scope is unavailable. Reload and try again.	The model scope is unavailable. Reload and try again.	사용자가 보는 동작과 대상을 구체적으로 표현하고 한국어 안내 말투를 맞춤.	Picky/HUD/Conversation/PickyComposerRuntimeControlsModel.swift
catalog	hud.composer.runtime.thinking.accessibilityHint	ko	지원되는 추론 수준을 선택합니다. Shift-Tab으로 수준을 변경합니다.	지원되는 추론 수준을 선택하세요. Shift-Tab으로 수준을 바꿔요.	사용자가 보는 동작과 대상을 구체적으로 표현하고 한국어 안내 말투를 맞춤.	Picky/HUD/Conversation/PickyConversationRuntimeControlsView.swift
catalog	hud.composer.runtime.thinking.accessibilityHint	en	Choose a supported thinking level. Shift-Tab cycles levels.	Choose a supported thinking level. Shift-Tab cycles levels.	사용자가 보는 동작과 대상을 구체적으로 표현하고 한국어 안내 말투를 맞춤.	Picky/HUD/Conversation/PickyConversationRuntimeControlsView.swift
catalog	hud.composer.send.compacting	ko	압축이 끝날 때까지 메시지를 대기열에 추가	압축이 끝난 뒤 보낼 메시지를 대기열에 추가	사용자가 보는 동작과 대상을 구체적으로 표현하고 한국어 안내 말투를 맞춤.	Picky/HUD/Conversation/PickyComposerLabelPolicy.swift
catalog	hud.composer.send.compacting	en	Queue message until compaction completes	Queue message for delivery after compaction	사용자가 보는 동작과 대상을 구체적으로 표현하고 한국어 안내 말투를 맞춤.	Picky/HUD/Conversation/PickyComposerLabelPolicy.swift
catalog	hud.composer.send.steer	ko	개입 메시지 보내기	진행 중인 작업에 지시 보내기	사용자가 보는 동작과 대상을 구체적으로 표현하고 한국어 안내 말투를 맞춤.	Picky/HUD/Conversation/PickyComposerLabelPolicy.swift
catalog	hud.composer.send.steer	en	Send steering message	Send guidance to the current task	사용자가 보는 동작과 대상을 구체적으로 표현하고 한국어 안내 말투를 맞춤.	Picky/HUD/Conversation/PickyComposerLabelPolicy.swift
catalog	hud.composer.send.unavailable	ko	이 세션은 작성기 입력을 받을 수 없습니다	이 대화에는 메시지를 보낼 수 없어요	사용자가 보는 동작과 대상을 구체적으로 표현하고 한국어 안내 말투를 맞춤.	Picky/HUD/Conversation/PickyComposerLabelPolicy.swift
catalog	hud.composer.send.unavailable	en	This session cannot accept composer input	Messages cannot be sent to this conversation	사용자가 보는 동작과 대상을 구체적으로 표현하고 한국어 안내 말투를 맞춤.	Picky/HUD/Conversation/PickyComposerLabelPolicy.swift
catalog	hud.composer.steerTarget	ko	다음 Picky 화면 입력은 이 Pickle로 전달돼요	다음 Picky 음성 또는 빠른 텍스트 입력을 이 Pickle로 보내요	사용자가 보는 동작과 대상을 구체적으로 표현하고 한국어 안내 말투를 맞춤.	Picky/HUD/Conversation/PickyConversationComposerView.swift
catalog	hud.composer.steerTarget	en	Next Picky screen input will go to this Pickle	The next Picky voice or quick text input goes to this Pickle	사용자가 보는 동작과 대상을 구체적으로 표현하고 한국어 안내 말투를 맞춤.	Picky/HUD/Conversation/PickyConversationComposerView.swift
catalog	hud.composer.stop.help	ko	이 Pickle 중지	Pickle 작업을 중지해요. 대기 텍스트는 입력란으로 옮기지만, 대기 중인 화면 첨부는 복원할 수 없어요.	중단 버튼에서도 대기 입력 복원 및 첨부 손실 안내	최종 사용처 및 challenger 지적 대조
catalog	hud.composer.stop.help	en	Stop this Pickle	Stop this Pickle. Queued text moves to the message field; queued screen images cannot be restored.	중단 버튼에서도 대기 입력 복원 및 첨부 손실 안내	최종 사용처 및 challenger 지적 대조
catalog	hud.composer.submit.steer	ko	개입	지시 보내기	사용자가 보는 동작과 대상을 구체적으로 표현하고 한국어 안내 말투를 맞춤.	Picky/HUD/Conversation/PickyFocusStackComposerPresentation.swift
catalog	hud.composer.submit.steer	en	Steer	Steer	사용자가 보는 동작과 대상을 구체적으로 표현하고 한국어 안내 말투를 맞춤.	Picky/HUD/Conversation/PickyFocusStackComposerPresentation.swift
catalog	hud.context.details.accessibilityHint	ko	작업 폴더, Git, 링크를 표시합니다	작업 폴더, Git 정보, 링크를 보여줘요	사용자가 보는 동작과 대상을 구체적으로 표현하고 한국어 안내 말투를 맞춤.	Picky/HUD/Conversation/PickyConversationContextLineView.swift
catalog	hud.context.details.accessibilityHint	en	Shows workspace, Git, and links	Shows workspace, Git, and links	사용자가 보는 동작과 대상을 구체적으로 표현하고 한국어 안내 말투를 맞춤.	Picky/HUD/Conversation/PickyConversationContextLineView.swift
catalog	hud.context.details.accessibilityLabel	ko	컨텍스트 상세	작업 정보	사용자가 보는 동작과 대상을 구체적으로 표현하고 한국어 안내 말투를 맞춤.	Picky/HUD/Conversation/PickyConversationContextLineView.swift
catalog	hud.context.details.accessibilityLabel	en	Context details	Workspace details	사용자가 보는 동작과 대상을 구체적으로 표현하고 한국어 안내 말투를 맞춤.	Picky/HUD/Conversation/PickyConversationContextLineView.swift
localized_source	hud.context.percent	ko	Context usage: \(Int(clamped.rounded()))% of \(usage.contextWindow.formatted()) tokens	컨텍스트 사용량: 전체 %2$@ 토큰 중 %1$lld%%	Localize hardcoded user-visible copy.	Picky/HUD/Conversation/Bubbles/PickyActivitySummaryView.swift
localized_source	hud.context.percent	en	Context usage: \(Int(clamped.rounded()))% of \(usage.contextWindow.formatted()) tokens	Context usage: %lld%% of %@ tokens	Localize hardcoded user-visible copy.	Picky/HUD/Conversation/Bubbles/PickyActivitySummaryView.swift
localized_source	hud.context.tokensAndPercent	ko	Context usage: \(tokens.formatted())/\(usage.contextWindow.formatted()) tokens (\(Int(clamped.rounded()))%)	컨텍스트 사용량: %@/%@ 토큰 (%lld%%)	Localize hardcoded user-visible copy.	Picky/HUD/Conversation/Bubbles/PickyActivitySummaryView.swift
localized_source	hud.context.tokensAndPercent	en	Context usage: \(tokens.formatted())/\(usage.contextWindow.formatted()) tokens (\(Int(clamped.rounded()))%)	Context usage: %@/%@ tokens (%lld%%)	Localize hardcoded user-visible copy.	Picky/HUD/Conversation/Bubbles/PickyActivitySummaryView.swift
localized_source	hud.context.usage	ko	Context usage	컨텍스트 사용량	Hardcoded UI copy bypassed the selected app language.	Picky/HUD/Conversation/Bubbles/PickySubagentInvocationBubbleView.swift
localized_source	hud.context.usage	en	Context usage	Context usage	Hardcoded UI copy bypassed the selected app language.	Picky/HUD/Conversation/Bubbles/PickySubagentInvocationBubbleView.swift
catalog	hud.contextCompaction.description	ko	오래된 대화를 요약해 컨텍스트 여유 공간을 확보합니다.	이전 대화를 요약해 새 내용을 담을 공간을 확보해요.	사용자가 보는 동작과 대상을 구체적으로 표현하고 한국어 안내 말투를 맞춤.	Picky/HUD/Conversation/PickyConversationHeaderView.swift
catalog	hud.contextCompaction.description	en	Summarize older conversation to free context space.	Summarize older conversation to free context space.	사용자가 보는 동작과 대상을 구체적으로 표현하고 한국어 안내 말투를 맞춤.	Picky/HUD/Conversation/PickyConversationHeaderView.swift
catalog	hud.contextCompaction.title	ko	세션 컨텍스트	대화 컨텍스트	사용자가 보는 동작과 대상을 구체적으로 표현하고 한국어 안내 말투를 맞춤.	Picky/HUD/Conversation/PickyConversationHeaderView.swift
catalog	hud.contextCompaction.title	en	Session context	Conversation context	사용자가 보는 동작과 대상을 구체적으로 표현하고 한국어 안내 말투를 맞춤.	Picky/HUD/Conversation/PickyConversationHeaderView.swift
catalog	hud.contextCompaction.unavailable	ko	현재 작업이 끝나면 압축할 수 있습니다.	현재 응답이 끝나면 압축할 수 있어요.	사용자가 보는 동작과 대상을 구체적으로 표현하고 한국어 안내 말투를 맞춤.	Picky/HUD/Conversation/PickyConversationHeaderView.swift
catalog	hud.contextCompaction.unavailable	en	You can compact after the current turn finishes.	You can compact after the current turn finishes.	사용자가 보는 동작과 대상을 구체적으로 표현하고 한국어 안내 말투를 맞춤.	Picky/HUD/Conversation/PickyConversationHeaderView.swift
catalog	hud.conversation.historyStart	ko	대화의 시작입니다	대화의 시작이에요	사용자가 보는 동작과 대상을 구체적으로 표현하고 한국어 안내 말투를 맞춤.	Picky/HUD/Conversation/PickyConversationListView.swift
catalog	hud.conversation.historyStart	en	Beginning of the conversation	Beginning of the conversation	사용자가 보는 동작과 대상을 구체적으로 표현하고 한국어 안내 말투를 맞춤.	Picky/HUD/Conversation/PickyConversationListView.swift
catalog	hud.conversation.loadMoreTurns	ko	이전 %lld턴 더 보기 · 숨겨진 %lld턴	이전 요청 %lld개 더 보기 · %lld개 숨김	사용자가 보는 동작과 대상을 구체적으로 표현하고 한국어 안내 말투를 맞춤.	Picky/HUD/Conversation/PickyConversationListView.swift
catalog	hud.conversation.loadMoreTurns	en	Show %lld earlier turns · %lld hidden	Show %lld earlier turns · %lld hidden	사용자가 보는 동작과 대상을 구체적으로 표현하고 한국어 안내 말투를 맞춤.	Picky/HUD/Conversation/PickyConversationListView.swift
catalog	hud.conversation.loadMoreTurns.help	ko	이전 턴 보기	이전 요청과 응답 보기	사용자가 보는 동작과 대상을 구체적으로 표현하고 한국어 안내 말투를 맞춤.	Picky/HUD/Conversation/PickyConversationListView.swift
catalog	hud.conversation.loadMoreTurns.help	en	Show earlier turns	Show earlier turns	사용자가 보는 동작과 대상을 구체적으로 표현하고 한국어 안내 말투를 맞춤.	Picky/HUD/Conversation/PickyConversationListView.swift
catalog	hud.conversation.meta.context.unknown	ko	압축 후 다음 모델 응답 전까지 컨텍스트 사용량을 알 수 없습니다	대화 압축 후 사용량은 다음 모델 응답이 오면 확인할 수 있어요	사용자가 보는 동작과 대상을 구체적으로 표현하고 한국어 안내 말투를 맞춤.	Picky/HUD/Conversation/PickyConversationHeaderView.swift
catalog	hud.conversation.meta.context.unknown	en	Context usage is unknown after compaction until the next model response	Context usage is unknown after compaction until the next model response	사용자가 보는 동작과 대상을 구체적으로 표현하고 한국어 안내 말투를 맞춤.	Picky/HUD/Conversation/PickyConversationHeaderView.swift
catalog	hud.conversation.status.blocked	ko	차단됨	진행 불가	blocked는 보안 차단이 아니라 작업을 이어갈 수 없는 상태이므로 차단됨을 피함.	Picky/HUD/Conversation/PickyConversationHeaderView.swift; agentd/src/session-supervisor.ts: missing runtime handle patches status=blocked when automatic session reattach fails.
catalog	hud.conversation.status.blocked	en	Blocked	Unable to continue	blocked는 보안 차단이 아니라 작업을 이어갈 수 없는 상태이므로 차단됨을 피함.	Picky/HUD/Conversation/PickyConversationHeaderView.swift; agentd/src/session-supervisor.ts: missing runtime handle patches status=blocked when automatic session reattach fails.
catalog	hud.conversation.turn.collapse.accessibilityHint	ko	턴 접기	요청과 응답 접기	사용자가 보는 동작과 대상을 구체적으로 표현하고 한국어 안내 말투를 맞춤.	Picky/HUD/Conversation/PickyTurnCardView.swift
catalog	hud.conversation.turn.collapse.accessibilityHint	en	Collapse chapter	Collapse turn	사용자가 보는 동작과 대상을 구체적으로 표현하고 한국어 안내 말투를 맞춤.	Picky/HUD/Conversation/PickyTurnCardView.swift
catalog	hud.conversation.turn.current.accessibilityLabel	ko	현재 턴	현재 요청	사용자가 보는 동작과 대상을 구체적으로 표현하고 한국어 안내 말투를 맞춤.	Picky/HUD/Conversation/PickyTurnCardView.swift
catalog	hud.conversation.turn.current.accessibilityLabel	en	Current turn	Current turn	사용자가 보는 동작과 대상을 구체적으로 표현하고 한국어 안내 말투를 맞춤.	Picky/HUD/Conversation/PickyTurnCardView.swift
catalog	hud.conversation.turn.expand.accessibilityHint	ko	턴 펼치기	요청과 응답 펼치기	사용자가 보는 동작과 대상을 구체적으로 표현하고 한국어 안내 말투를 맞춤.	Picky/HUD/Conversation/PickyTurnCardView.swift
catalog	hud.conversation.turn.expand.accessibilityHint	en	Expand chapter	Expand turn	사용자가 보는 동작과 대상을 구체적으로 표현하고 한국어 안내 말투를 맞춤.	Picky/HUD/Conversation/PickyTurnCardView.swift
catalog	hud.conversation.turn.latest.accessibilityLabel	ko	최신 턴	최근 요청	사용자가 보는 동작과 대상을 구체적으로 표현하고 한국어 안내 말투를 맞춤.	Picky/HUD/Conversation/PickyTurnCardView.swift
catalog	hud.conversation.turn.latest.accessibilityLabel	en	Latest turn	Latest turn	사용자가 보는 동작과 대상을 구체적으로 표현하고 한국어 안내 말투를 맞춤.	Picky/HUD/Conversation/PickyTurnCardView.swift
catalog	hud.conversation.turn.previous.accessibilityLabel	ko	이전 턴	이전 요청	사용자가 보는 동작과 대상을 구체적으로 표현하고 한국어 안내 말투를 맞춤.	Picky/HUD/Conversation/PickyTurnCardView.swift
catalog	hud.conversation.turn.previous.accessibilityLabel	en	Previous turn	Previous turn	사용자가 보는 동작과 대상을 구체적으로 표현하고 한국어 안내 말투를 맞춤.	Picky/HUD/Conversation/PickyTurnCardView.swift
catalog	hud.conversation.turn.tool.many	ko	도구 %lld개	도구 %lld회 사용	서로 다른 도구 개수가 아니라 totalToolCalls 실행 횟수를 표시함.	Picky/HUD/Conversation/PickyTurnCardView.swift: summary(now:) reads live/committed totalToolCalls; Picky/HUD/Conversation/Bubbles/PickyActivitySummaryView.swift: totalToolCalls sums invocations.
catalog	hud.conversation.turn.tool.many	en	%lld tools	%lld tool calls	서로 다른 도구 개수가 아니라 totalToolCalls 실행 횟수를 표시함.	Picky/HUD/Conversation/PickyTurnCardView.swift: summary(now:) reads live/committed totalToolCalls; Picky/HUD/Conversation/Bubbles/PickyActivitySummaryView.swift: totalToolCalls sums invocations.
catalog	hud.conversation.turn.tool.one	ko	도구 %lld개	도구 %lld회 사용	서로 다른 도구 개수가 아니라 totalToolCalls 실행 횟수를 표시함.	Picky/HUD/Conversation/PickyTurnCardView.swift: summary(now:) reads live/committed totalToolCalls; Picky/HUD/Conversation/Bubbles/PickyActivitySummaryView.swift: totalToolCalls sums invocations.
catalog	hud.conversation.turn.tool.one	en	%lld tool	%lld tool call	서로 다른 도구 개수가 아니라 totalToolCalls 실행 횟수를 표시함.	Picky/HUD/Conversation/PickyTurnCardView.swift: summary(now:) reads live/committed totalToolCalls; Picky/HUD/Conversation/Bubbles/PickyActivitySummaryView.swift: totalToolCalls sums invocations.
localized_source	hud.error.continue	ko	다시 시도	이어가기	이미 수락한 요청을 중복 전송하지 않고 계속 진행	challenger 지적에 따른 실제 View의 상태 분기
localized_source	hud.error.continue	en	다시 시도	Continue	이미 수락한 요청을 중복 전송하지 않고 계속 진행	challenger 지적에 따른 실제 View의 상태 분기
localized_source	hud.error.continue.accessibilityLabel	ko	실패한 요청 다시 시도	오류가 발생한 작업 이어가기	재전송과 이어가기의 접근성 라벨 구분	challenger 지적에 따른 실제 View의 상태 분기
localized_source	hud.error.continue.accessibilityLabel	en	실패한 요청 다시 시도	Continue after the error	재전송과 이어가기의 접근성 라벨 구분	challenger 지적에 따른 실제 View의 상태 분기
catalog	hud.error.header	ko	실패 · 런타임 오류	요청 처리 오류	사용자가 보는 동작과 대상을 구체적으로 표현하고 한국어 안내 말투를 맞춤.	Picky/HUD/Conversation/Bubbles/PickyErrorBubbleView.swift
catalog	hud.error.header	en	FAILED · runtime error	Request failed	사용자가 보는 동작과 대상을 구체적으로 표현하고 한국어 안내 말투를 맞춤.	Picky/HUD/Conversation/Bubbles/PickyErrorBubbleView.swift
localized_source	hud.event.awaitingInput	ko	"Awaiting input
Waiting for input"	입력 대기 중	Localize hardcoded user-visible copy.	Picky/HUD/PickyHUDDockIconView.swift
localized_source	hud.event.awaitingInput	en	"Awaiting input
Waiting for input"	Waiting for your input	Localize hardcoded user-visible copy.	Picky/HUD/PickyHUDDockIconView.swift
localized_source	hud.event.reportReady	ko	"case .completed: return hasReportArtifact ? ""Report ready"" : ""Result""
case .completed: return hasReportArtifact ? L10n.t(""hud.event.reportReady"") : ""Result"""	보고서 준비됨	Hardcoded UI copy bypassed the selected app language.	Picky/HUD/PickyHUDLayoutPolicy.swift
localized_source	hud.event.reportReady	en	"case .completed: return hasReportArtifact ? ""Report ready"" : ""Result""
case .completed: return hasReportArtifact ? L10n.t(""hud.event.reportReady"") : ""Result"""	Report ready	Hardcoded UI copy bypassed the selected app language.	Picky/HUD/PickyHUDLayoutPolicy.swift
localized_source	hud.event.result	ko	"case .completed: return hasReportArtifact ? L10n.t(""hud.event.reportReady"") : ""Result"""	결과	Hardcoded UI copy bypassed the selected app language.	Picky/HUD/PickyHUDLayoutPolicy.swift
localized_source	hud.event.result	en	"case .completed: return hasReportArtifact ? L10n.t(""hud.event.reportReady"") : ""Result"""	Result	Hardcoded UI copy bypassed the selected app language.	Picky/HUD/PickyHUDLayoutPolicy.swift
localized_source	hud.event.update	ko	Update	업데이트	Localize hardcoded user-visible copy.	Picky/HUD/PickyHUDLayoutPolicy.swift
localized_source	hud.event.update	en	Update	Update	Localize hardcoded user-visible copy.	Picky/HUD/PickyHUDLayoutPolicy.swift
localized_source	hud.extension.error	ko	Error	오류	Localize hardcoded user-visible copy.	Picky/HUD/Conversation/Bubbles/PickyAgentBubbleView.swift
localized_source	hud.extension.error	en	Error	Error	Localize hardcoded user-visible copy.	Picky/HUD/Conversation/Bubbles/PickyAgentBubbleView.swift
localized_source	hud.extension.info	ko	Info	안내	Localize hardcoded user-visible copy.	Picky/HUD/Conversation/Bubbles/PickyAgentBubbleView.swift
localized_source	hud.extension.info	en	Info	Info	Localize hardcoded user-visible copy.	Picky/HUD/Conversation/Bubbles/PickyAgentBubbleView.swift
localized_source	hud.extension.label	ko	Pi extension	Pi 확장 기능	Hardcoded UI copy bypassed the selected app language.	Picky/HUD/Conversation/Bubbles/PickyAgentBubbleView.swift
localized_source	hud.extension.label	en	Pi extension	Pi extension	Hardcoded UI copy bypassed the selected app language.	Picky/HUD/Conversation/Bubbles/PickyAgentBubbleView.swift
localized_source	hud.extension.warning	ko	Warning	주의	Localize hardcoded user-visible copy.	Picky/HUD/Conversation/Bubbles/PickyAgentBubbleView.swift
localized_source	hud.extension.warning	en	Warning	Warning	Localize hardcoded user-visible copy.	Picky/HUD/Conversation/Bubbles/PickyAgentBubbleView.swift
localized_source	hud.folderPicker.message	ko	Choose the folder where the new Pickle should run.	새 Pickle이 작업할 폴더를 선택하세요.	Hardcoded UI copy bypassed the selected app language.	Picky/HUD/PickyHUDWorkingFolderPickerCoordinator.swift
localized_source	hud.folderPicker.message	en	Choose the folder where the new Pickle should run.	Choose the folder where the new Pickle will work.	Hardcoded UI copy bypassed the selected app language.	Picky/HUD/PickyHUDWorkingFolderPickerCoordinator.swift
localized_source	hud.folderPicker.start	ko	Start	시작	Localize hardcoded user-visible copy.	Picky/HUD/PickyHUDWorkingFolderPickerCoordinator.swift
localized_source	hud.folderPicker.start	en	Start	Start	Localize hardcoded user-visible copy.	Picky/HUD/PickyHUDWorkingFolderPickerCoordinator.swift
localized_source	hud.folderPicker.title	ko	Choose a working folder	작업 폴더 선택	Hardcoded UI copy bypassed the selected app language.	Picky/HUD/PickyHUDWorkingFolderPickerCoordinator.swift
localized_source	hud.folderPicker.title	en	Choose a working folder	Choose a Working Folder	Hardcoded UI copy bypassed the selected app language.	Picky/HUD/PickyHUDWorkingFolderPickerCoordinator.swift
localized_source	hud.gitAction.configure	ko	Open Settings → Pickle to configure the command.	설정 → Pickle에서 실행할 명령을 설정하세요.	Localize hardcoded user-visible copy.	Picky/HUD/Conversation/PickyGitChipActionRunner.swift
localized_source	hud.gitAction.configure	en	Open Settings → Pickle to configure the command.	Open Settings → Pickle to configure the command.	Localize hardcoded user-visible copy.	Picky/HUD/Conversation/PickyGitChipActionRunner.swift
localized_source	hud.gitAction.empty	ko	Git chip action is empty	Git 동작이 설정되지 않았어요	Localize hardcoded user-visible copy.	Picky/HUD/Conversation/PickyGitChipActionRunner.swift
localized_source	hud.gitAction.empty	en	Git chip action is empty	No Git action configured	Localize hardcoded user-visible copy.	Picky/HUD/Conversation/PickyGitChipActionRunner.swift
localized_source	hud.gitAction.failed	ko	Git chip action failed	Git 동작을 실행하지 못했어요	Localize hardcoded user-visible copy.	Picky/HUD/Conversation/PickyGitChipActionRunner.swift
localized_source	hud.gitAction.failed	en	Git chip action failed	Could not run the Git action	Localize hardcoded user-visible copy.	Picky/HUD/Conversation/PickyGitChipActionRunner.swift
localized_source	hud.gitAction.noFolder	ko	This Pickle has no working directory, so the shell command cannot run.	이 Pickle에 작업 폴더가 없어 셸 명령을 실행할 수 없어요.	Localize hardcoded user-visible copy.	Picky/HUD/Conversation/PickyGitChipActionRunner.swift
localized_source	hud.gitAction.noFolder	en	This Pickle has no working directory, so the shell command cannot run.	This Pickle has no working folder, so the shell command cannot run.	Localize hardcoded user-visible copy.	Picky/HUD/Conversation/PickyGitChipActionRunner.swift
catalog	hud.header.archive.accessibilityHint	ko	Pickle을 중지하지 않고 Dock에서 숨깁니다. 6초 안에 되돌릴 수 있습니다.	Pickle을 중지하지 않고 Dock에서 숨겨요. 6초 안에 되돌릴 수 있어요.	사용자가 보는 동작과 대상을 구체적으로 표현하고 한국어 안내 말투를 맞춤.	Picky/HUD/Conversation/PickyConversationHeaderView.swift
catalog	hud.header.archive.accessibilityHint	en	Hides the Pickle from the Dock without stopping it. Undo is available for six seconds.	Hides the Pickle from the Dock without stopping it. Undo is available for six seconds.	사용자가 보는 동작과 대상을 구체적으로 표현하고 한국어 안내 말투를 맞춤.	Picky/HUD/Conversation/PickyConversationHeaderView.swift
catalog	hud.header.archive.accessibilityLabel	ko	Pickle 아카이브	Pickle 보관	Pickle 브랜드 표기와 보관·도구 용어를 화면 전반에서 통일.	Picky/HUD/Conversation/PickyConversationHeaderView.swift
catalog	hud.header.archive.accessibilityLabel	en	Archive Pickle	Archive Pickle	Pickle 브랜드 표기와 보관·도구 용어를 화면 전반에서 통일.	Picky/HUD/Conversation/PickyConversationHeaderView.swift
catalog	hud.header.archive.help	ko	Pickle 아카이브 (⌘⌫)	Pickle 보관 (⌘⌫)	Pickle 브랜드 표기와 보관·도구 용어를 화면 전반에서 통일.	Picky/HUD/Conversation/PickyConversationHeaderView.swift
catalog	hud.header.archive.help	en	Archive Pickle (⌘⌫)	Archive Pickle (⌘⌫)	Pickle 브랜드 표기와 보관·도구 용어를 화면 전반에서 통일.	Picky/HUD/Conversation/PickyConversationHeaderView.swift
catalog	hud.header.close.accessibilityHint	ko	Pickle을 중지하지 않고 이 카드를 닫습니다	Pickle을 중지하지 않고 이 카드를 닫아요	사용자가 보는 동작과 대상을 구체적으로 표현하고 한국어 안내 말투를 맞춤.	Picky/HUD/Conversation/PickyConversationHeaderView.swift
catalog	hud.header.close.accessibilityHint	en	Closes this card without stopping the Pickle	Closes this card without stopping the Pickle	사용자가 보는 동작과 대상을 구체적으로 표현하고 한국어 안내 말투를 맞춤.	Picky/HUD/Conversation/PickyConversationHeaderView.swift
catalog	hud.header.close.accessibilityLabel	ko	Pickle HUD 닫기	Pickle 대화 카드 닫기	사용자가 보는 동작과 대상을 구체적으로 표현하고 한국어 안내 말투를 맞춤.	Picky/HUD/Conversation/PickyConversationHeaderView.swift
catalog	hud.header.close.accessibilityLabel	en	Close Pickle HUD	Close Pickle conversation card	사용자가 보는 동작과 대상을 구체적으로 표현하고 한국어 안내 말투를 맞춤.	Picky/HUD/Conversation/PickyConversationHeaderView.swift
catalog	hud.header.close.help	ko	Pickle HUD 닫기 (Esc 또는 ⌘W)	Pickle 대화 카드 닫기 (Esc 또는 ⌘W)	사용자가 보는 동작과 대상을 구체적으로 표현하고 한국어 안내 말투를 맞춤.	Picky/HUD/Conversation/PickyConversationHeaderView.swift
catalog	hud.header.close.help	en	Close Pickle HUD (Esc or ⌘W)	Close Pickle conversation card (Esc or ⌘W)	사용자가 보는 동작과 대상을 구체적으로 표현하고 한국어 안내 말투를 맞춤.	Picky/HUD/Conversation/PickyConversationHeaderView.swift
catalog	hud.header.target.accessibilityLabel	ko	세션 상태: %@	Pickle 상태: %@	사용자가 보는 동작과 대상을 구체적으로 표현하고 한국어 안내 말투를 맞춤.	Picky/HUD/Conversation/PickyConversationHeaderView.swift
catalog	hud.header.target.accessibilityLabel	en	Session status: %@	Pickle status: %@	사용자가 보는 동작과 대상을 구체적으로 표현하고 한국어 안내 말투를 맞춤.	Picky/HUD/Conversation/PickyConversationHeaderView.swift
catalog	hud.header.target.armed.accessibilityLabel	ko	세션 상태: %@, Pickle 커서 준비됨	Pickle 상태: %@, 다음 입력 대상	사용자가 보는 동작과 대상을 구체적으로 표현하고 한국어 안내 말투를 맞춤.	Picky/HUD/Conversation/PickyConversationHeaderView.swift
catalog	hud.header.target.armed.accessibilityLabel	en	Session status: %@, Pickle cursor armed	Pickle status: %@, next input target	사용자가 보는 동작과 대상을 구체적으로 표현하고 한국어 안내 말투를 맞춤.	Picky/HUD/Conversation/PickyConversationHeaderView.swift
catalog	hud.header.target.armed.help	ko	Pickle 커서가 준비됐습니다. 다음 Picky 음성 또는 빠른 텍스트 입력이 이 Pickle로 전달됩니다. 취소하려면 클릭하거나 ⌘K를 누르고, 고정하려면 길게 누르세요.	다음 Picky 음성 또는 빠른 텍스트 입력을 이 Pickle로 보내요. 해제하려면 클릭하거나 ⌘K를 누르세요. 계속 보내려면 길게 눌러 고정하세요.	사용자가 보는 동작과 대상을 구체적으로 표현하고 한국어 안내 말투를 맞춤.	Picky/HUD/Conversation/PickyConversationHeaderView.swift
catalog	hud.header.target.armed.help	en	Pickle cursor is armed. The next Picky voice or quick text input goes directly to this Pickle. Click or press ⌘K to cancel, or long-press to lock.	The next Picky voice or quick text input goes to this Pickle. Click or press ⌘K to cancel. Long-press to keep sending inputs here.	사용자가 보는 동작과 대상을 구체적으로 표현하고 한국어 안내 말투를 맞춤.	Picky/HUD/Conversation/PickyConversationHeaderView.swift
catalog	hud.header.target.locked.accessibilityLabel	ko	세션 상태: %@, Pickle 커서 고정됨	Pickle 상태: %@, 입력 대상 고정됨	사용자가 보는 동작과 대상을 구체적으로 표현하고 한국어 안내 말투를 맞춤.	Picky/HUD/Conversation/PickyConversationHeaderView.swift
catalog	hud.header.target.locked.accessibilityLabel	en	Session status: %@, Pickle cursor locked	Pickle status: %@, input target pinned	사용자가 보는 동작과 대상을 구체적으로 표현하고 한국어 안내 말투를 맞춤.	Picky/HUD/Conversation/PickyConversationHeaderView.swift
catalog	hud.header.target.locked.help	ko	Pickle 커서가 고정됐습니다. 다시 클릭하거나 다른 Pickle을 준비할 때까지 모든 Picky 음성 또는 빠른 텍스트 입력이 이 Pickle로 전달됩니다. 전환하려면 다른 Pickle을 길게 누르세요.	Picky 음성과 빠른 입력을 계속 이 Pickle로 보내요. 고정을 풀려면 다시 클릭하세요. 대상을 바꾸려면 다른 Pickle의 입력 대상 배지를 클릭하고, 고정하려면 그 배지를 길게 누르세요.	카드 선택과 입력 대상 배지 선택을 구분	Picky/HUD/Conversation/PickyConversationHeaderView.swift
catalog	hud.header.target.locked.help	en	Pickle cursor is locked. Every Picky voice or quick text input keeps going to this Pickle until you click again or arm another. Long-press another Pickle to switch.	Picky voice and Quick Input keep going to this Pickle. Click again to unpin, or click another Pickle’s input-target badge to switch. Long-press its badge to pin it.	카드 선택과 입력 대상 배지 선택을 구분	Picky/HUD/Conversation/PickyConversationHeaderView.swift
catalog	hud.header.target.route.help	ko	%@. 다음 Picky 화면 컨텍스트 입력을 이 Pickle로 보내려면 클릭하거나 ⌘K를 누르세요. 고정 대상으로 설정하려면 길게 누르세요.	%@. 다음 Picky 음성 또는 빠른 텍스트 입력을 여기로 보내려면 클릭하거나 ⌘K를 누르세요. 계속 보내려면 길게 눌러 고정하세요.	사용자가 보는 동작과 대상을 구체적으로 표현하고 한국어 안내 말투를 맞춤.	Picky/HUD/Conversation/PickyConversationHeaderView.swift
catalog	hud.header.target.route.help	en	%@. Click or press ⌘K to route the next Picky screen-context input to this Pickle. Long-press to lock it as the sticky target.	%@. Click or press ⌘K to send the next Picky voice or quick text input here. Long-press to keep sending inputs here.	사용자가 보는 동작과 대상을 구체적으로 표현하고 한국어 안내 말투를 맞춤.	Picky/HUD/Conversation/PickyConversationHeaderView.swift
catalog	hud.header.target.voice.accessibilityLabel	ko	세션 상태: %@, 음성 개입 대상	Pickle 상태: %@, 음성 지시 대상	사용자가 보는 동작과 대상을 구체적으로 표현하고 한국어 안내 말투를 맞춤.	Picky/HUD/Conversation/PickyConversationHeaderView.swift
catalog	hud.header.target.voice.accessibilityLabel	en	Session status: %@, voice steering target	Pickle status: %@, voice input target	사용자가 보는 동작과 대상을 구체적으로 표현하고 한국어 안내 말투를 맞춤.	Picky/HUD/Conversation/PickyConversationHeaderView.swift
catalog	hud.header.target.voice.help	ko	%@. 음성 개입 대상	%@. 음성 지시 대상	사용자가 보는 동작과 대상을 구체적으로 표현하고 한국어 안내 말투를 맞춤.	Picky/HUD/Conversation/PickyConversationHeaderView.swift
catalog	hud.header.target.voice.help	en	%@. Voice steering target	%@. Voice input target	사용자가 보는 동작과 대상을 구체적으로 표현하고 한국어 안내 말투를 맞춤.	Picky/HUD/Conversation/PickyConversationHeaderView.swift
catalog	hud.inlineTerminal.backToChat.help	ko	SwiftUI 채팅과 작성기로 돌아가기 (⌘T)	채팅과 메시지 입력으로 돌아가기 (⌘T)	사용자가 보는 동작과 대상을 구체적으로 표현하고 한국어 안내 말투를 맞춤.	Picky/HUD/Conversation/PickyInlineTerminalCardView.swift
catalog	hud.inlineTerminal.backToChat.help	en	Return to the SwiftUI chat and composer (⌘T)	Return to chat and message input (⌘T)	사용자가 보는 동작과 대상을 구체적으로 표현하고 한국어 안내 말투를 맞춤.	Picky/HUD/Conversation/PickyInlineTerminalCardView.swift
catalog	hud.inlineTerminal.showThisTUI	ko	이 TUI 보기	이 터미널 보기	사용자가 보는 동작과 대상을 구체적으로 표현하고 한국어 안내 말투를 맞춤.	Picky/HUD/Conversation/PickyInlineTerminalCardView.swift
catalog	hud.inlineTerminal.showThisTUI	en	Show This TUI	Show This Terminal	사용자가 보는 동작과 대상을 구체적으로 표현하고 한국어 안내 말투를 맞춤.	Picky/HUD/Conversation/PickyInlineTerminalCardView.swift
catalog	hud.inlineTerminal.singleton.body	ko	활성 TUI Pickle을 닫거나 TUI 화면을 여기로 옮겨주세요.	이곳에서 보려면 ‘이 터미널 보기’를 선택하세요.	사용자가 보는 동작과 대상을 구체적으로 표현하고 한국어 안내 말투를 맞춤.	Picky/HUD/Conversation/PickyInlineTerminalCardView.swift: inactive attachment renders Show This TUI button calling activateInlineTerminalAttachment. Closing the card is not required.
catalog	hud.inlineTerminal.singleton.body	en	Close the active TUI Pickle, or move the TUI screen here.	Choose “Show This Terminal” to move it here.	사용자가 보는 동작과 대상을 구체적으로 표현하고 한국어 안내 말투를 맞춤.	Picky/HUD/Conversation/PickyInlineTerminalCardView.swift: inactive attachment renders Show This TUI button calling activateInlineTerminalAttachment. Closing the card is not required.
catalog	hud.inlineTerminal.singleton.title	ko	TUI는 한 번에 하나의 Pickle에서만 열 수 있어요.	Pi 터미널은 한 번에 하나의 Pickle에서만 볼 수 있어요.	사용자가 보는 동작과 대상을 구체적으로 표현하고 한국어 안내 말투를 맞춤.	Picky/HUD/Conversation/PickyInlineTerminalCardView.swift
catalog	hud.inlineTerminal.singleton.title	en	TUI can only be open in one Pickle at a time.	Pi terminal can only be shown in one Pickle at a time.	사용자가 보는 동작과 대상을 구체적으로 표현하고 한국어 안내 말투를 맞춤.	Picky/HUD/Conversation/PickyInlineTerminalCardView.swift
catalog	hud.inlineTerminal.tab.tui	ko	TUI	터미널	사용자가 보는 동작과 대상을 구체적으로 표현하고 한국어 안내 말투를 맞춤.	Picky/HUD/Conversation/PickyInlineTerminalCardView.swift
catalog	hud.inlineTerminal.tab.tui	en	TUI	Terminal	사용자가 보는 동작과 대상을 구체적으로 표현하고 한국어 안내 말투를 맞춤.	Picky/HUD/Conversation/PickyInlineTerminalCardView.swift
catalog	hud.liveStep.goToQuestion.accessibilityHint	ko	키보드 초점을 질문으로 이동합니다	키보드 초점을 질문으로 옮겨요	사용자가 보는 동작과 대상을 구체적으로 표현하고 한국어 안내 말투를 맞춤.	Picky/HUD/Conversation/PickyConversationLiveStepView.swift
catalog	hud.liveStep.goToQuestion.accessibilityHint	en	Moves keyboard focus to the question	Moves keyboard focus to the question	사용자가 보는 동작과 대상을 구체적으로 표현하고 한국어 안내 말투를 맞춤.	Picky/HUD/Conversation/PickyConversationLiveStepView.swift
localized_source	hud.localTerminal.closed	ko	Shell closed	터미널이 닫혔어요	Hardcoded UI copy bypassed the selected app language.	Picky/HUD/Conversation/PickySessionExtendedTerminalView.swift
localized_source	hud.localTerminal.closed	en	Shell closed	Terminal closed	Hardcoded UI copy bypassed the selected app language.	Picky/HUD/Conversation/PickySessionExtendedTerminalView.swift
localized_source	hud.localTerminal.exitCode	ko	Shell exited with code \(exitCode)	셸이 종료됐어요 (종료 코드 %d)	Localize hardcoded user-visible copy.	Picky/HUD/Conversation/PickySessionExtendedTerminalView.swift
localized_source	hud.localTerminal.exitCode	en	Shell exited with code \(exitCode)	Shell exited with code %d	Localize hardcoded user-visible copy.	Picky/HUD/Conversation/PickySessionExtendedTerminalView.swift
localized_source	hud.localTerminal.exited	ko	Shell exited	셸이 종료됐어요	Hardcoded UI copy bypassed the selected app language.	Picky/HUD/Conversation/PickySessionExtendedTerminalView.swift
localized_source	hud.localTerminal.exited	en	Shell exited	Shell exited	Hardcoded UI copy bypassed the selected app language.	Picky/HUD/Conversation/PickySessionExtendedTerminalView.swift
localized_source	hud.localTerminal.ready	ko	Ready in \(Self.compactPath(PickyShellTerminalCommand.workingDirectory(from: cwd)))	%@에서 시작할 준비가 됐어요	Localize hardcoded user-visible copy.	Picky/HUD/Conversation/PickySessionExtendedTerminalView.swift
localized_source	hud.localTerminal.ready	en	Ready in \(Self.compactPath(PickyShellTerminalCommand.workingDirectory(from: cwd)))	Ready in %@	Localize hardcoded user-visible copy.	Picky/HUD/Conversation/PickySessionExtendedTerminalView.swift
localized_source	hud.localTerminal.running	ko	Shell in \(Self.compactPath(PickyShellTerminalCommand.workingDirectory(from: cwd)))	%@에서 셸 실행 중	Localize hardcoded user-visible copy.	Picky/HUD/Conversation/PickySessionExtendedTerminalView.swift
localized_source	hud.localTerminal.running	en	Shell in \(Self.compactPath(PickyShellTerminalCommand.workingDirectory(from: cwd)))	Shell in %@	Localize hardcoded user-visible copy.	Picky/HUD/Conversation/PickySessionExtendedTerminalView.swift
localized_source	hud.localTerminal.show	ko	Show This Terminal	여기에서 터미널 보기	Hardcoded UI copy bypassed the selected app language.	Picky/HUD/Conversation/PickySessionExtendedTerminalView.swift
localized_source	hud.localTerminal.show	en	Show This Terminal	Show Terminal Here	Hardcoded UI copy bypassed the selected app language.	Picky/HUD/Conversation/PickySessionExtendedTerminalView.swift
localized_source	hud.localTerminal.title	ko	Local Terminal	로컬 터미널	Hardcoded UI copy bypassed the selected app language.	Picky/HUD/Conversation/PickySessionExtendedTerminalView.swift
localized_source	hud.localTerminal.title	en	Local Terminal	Local Terminal	Hardcoded UI copy bypassed the selected app language.	Picky/HUD/Conversation/PickySessionExtendedTerminalView.swift
localized_source	hud.localTerminal.visibleElsewhere	ko	Terminal is already visible in another HUD panel	이 터미널은 다른 Pickle 패널에 열려 있어요.	Hardcoded UI copy bypassed the selected app language.	Picky/HUD/Conversation/PickySessionExtendedTerminalView.swift
localized_source	hud.localTerminal.visibleElsewhere	en	Terminal is already visible in another HUD panel	This terminal is open in another Pickle panel.	Hardcoded UI copy bypassed the selected app language.	Picky/HUD/Conversation/PickySessionExtendedTerminalView.swift
localized_source	hud.markdown.omittedLines	ko	"Text(""+\(omittedCount) more line\(omittedCount == 1 ? """" : ""s"")"")"	표시하지 않은 줄: %lld개	Localize hardcoded user-visible copy.	Picky/HUD/Conversation/Bubbles/PickyConversationMarkdownText.swift
localized_source	hud.markdown.omittedLines	en	"Text(""+\(omittedCount) more line\(omittedCount == 1 ? """" : ""s"")"")"	Lines not shown: %lld	Localize hardcoded user-visible copy.	Picky/HUD/Conversation/Bubbles/PickyConversationMarkdownText.swift
catalog	hud.menu.archive	ko	아카이브	보관	Pickle 브랜드 표기와 보관·도구 용어를 화면 전반에서 통일.	Picky/HUD/Conversation/PickyConversationMenu.swift
catalog	hud.menu.archive	en	Archive	Archive	Pickle 브랜드 표기와 보관·도구 용어를 화면 전반에서 통일.	Picky/HUD/Conversation/PickyConversationMenu.swift
localized_source	hud.menu.section.quick	ko	QUICK	바로가기	영어 하드코딩 메뉴 그룹 제목 현지화	최종 사용처 및 challenger 지적 대조
localized_source	hud.menu.section.quick	en	QUICK	Shortcuts	영어 하드코딩 메뉴 그룹 제목 현지화	최종 사용처 및 challenger 지적 대조
localized_source	hud.menu.section.session	ko	SESSION	대화	영어 하드코딩 메뉴 그룹 제목 현지화	최종 사용처 및 challenger 지적 대조
localized_source	hud.menu.section.session	en	SESSION	Conversation	영어 하드코딩 메뉴 그룹 제목 현지화	최종 사용처 및 challenger 지적 대조
localized_source	hud.menu.section.settings	ko	SETTINGS	설정	영어 하드코딩 메뉴 그룹 제목 현지화	최종 사용처 및 challenger 지적 대조
localized_source	hud.menu.section.settings	en	SETTINGS	Settings	영어 하드코딩 메뉴 그룹 제목 현지화	최종 사용처 및 challenger 지적 대조
catalog	hud.menu.sessionInfo	ko	세션 정보	대화 정보	사용자가 보는 동작과 대상을 구체적으로 표현하고 한국어 안내 말투를 맞춤.	Picky/Resources/Localizable.xcstrings: catalog entry; no exact literal Swift consumer found (possibly indirect/legacy).
catalog	hud.menu.sessionInfo	en	SESSION INFO	Conversation info	사용자가 보는 동작과 대상을 구체적으로 표현하고 한국어 안내 말투를 맞춤.	Picky/Resources/Localizable.xcstrings: catalog entry; no exact literal Swift consumer found (possibly indirect/legacy).
catalog	hud.menu.showChatUI	ko	채팅 UI 보기	채팅 보기	사용자가 보는 동작과 대상을 구체적으로 표현하고 한국어 안내 말투를 맞춤.	Picky/HUD/Conversation/PickyConversationMenu.swift
catalog	hud.menu.showChatUI	en	Show chat UI	Show chat	사용자가 보는 동작과 대상을 구체적으로 표현하고 한국어 안내 말투를 맞춤.	Picky/HUD/Conversation/PickyConversationMenu.swift
catalog	hud.menu.stopSession	ko	세션 중단	작업 중지	복잡한 결과는 도움말로 분리하고 동작 라벨은 짧게 유지	Picky/PickySessionViewModel.swift:898
catalog	hud.menu.stopSession	en	Stop session	Stop task	복잡한 결과는 도움말로 분리하고 동작 라벨은 짧게 유지	Picky/PickySessionViewModel.swift:898
localized_source	hud.menu.stopSession.help	ko	(기존 도움말 없음)	작업을 중지하고 대기 중인 텍스트를 입력란으로 옮겨요. 대기 중인 화면 첨부는 복원할 수 없어요.	중단시 복원·손실 범위 명시	challenger 지적에 따른 실제 View의 상태 분기
localized_source	hud.menu.stopSession.help	en	(기존 도움말 없음)	Stop the task and move queued text to the message field. Queued screen images cannot be restored.	중단시 복원·손실 범위 명시	challenger 지적에 따른 실제 View의 상태 분기
localized_source	hud.message.editInComposer	ko	"let item = NSMenuItem(title: ""Edit in Composer"", action: #selector(editTextClicked), keyEquivalent: """")"	입력창에서 수정	Hardcoded UI copy bypassed the selected app language.	Picky/HUD/Conversation/Bubbles/PickyUserBubbleSurfaceView.swift
localized_source	hud.message.editInComposer	en	"let item = NSMenuItem(title: ""Edit in Composer"", action: #selector(editTextClicked), keyEquivalent: """")"	Edit in Composer	Hardcoded UI copy bypassed the selected app language.	Picky/HUD/Conversation/Bubbles/PickyUserBubbleSurfaceView.swift
localized_source	hud.message.openReport.help	ko	"hoverButton.image = NSImage(systemSymbolName: ""arrow.up.right"", accessibilityDescription: ""Open this message as report"")?
Open this message as report"	이 메시지를 보고서로 열기	Hardcoded UI copy bypassed the selected app language.	Picky/HUD/Conversation/Bubbles/PickyOpenAsReportHoverIcon.swift
localized_source	hud.message.openReport.help	en	"hoverButton.image = NSImage(systemSymbolName: ""arrow.up.right"", accessibilityDescription: ""Open this message as report"")?
Open this message as report"	Open this message as a report	Hardcoded UI copy bypassed the selected app language.	Picky/HUD/Conversation/Bubbles/PickyOpenAsReportHoverIcon.swift
localized_source	hud.question.allow	ko	Allow	허용	Hardcoded UI copy bypassed the selected app language.	Picky/HUD/Conversation/Bubbles/PickyQuestionBubbleView.swift
localized_source	hud.question.allow	en	Allow	Allow	Hardcoded UI copy bypassed the selected app language.	Picky/HUD/Conversation/Bubbles/PickyQuestionBubbleView.swift
localized_source	hud.question.answered	ko	INPUT ANSWERED	답변 완료	Localize hardcoded user-visible copy.	Picky/HUD/Conversation/Bubbles/PickyQuestionBubbleView.swift
localized_source	hud.question.answered	en	INPUT ANSWERED	Answered	Localize hardcoded user-visible copy.	Picky/HUD/Conversation/Bubbles/PickyQuestionBubbleView.swift
localized_source	hud.question.cancelled	ko	INPUT CANCELLED	취소됨	Localize hardcoded user-visible copy.	Picky/HUD/Conversation/Bubbles/PickyQuestionBubbleView.swift
localized_source	hud.question.cancelled	en	INPUT CANCELLED	Cancelled	Localize hardcoded user-visible copy.	Picky/HUD/Conversation/Bubbles/PickyQuestionBubbleView.swift
localized_source	hud.question.collapse	ko	".help(isCollapsed ? L10n.t(""hud.question.expand"") : ""Collapse question details"")"	질문 접기	Hardcoded UI copy bypassed the selected app language.	Picky/HUD/Conversation/Bubbles/PickyQuestionBubbleView.swift
localized_source	hud.question.collapse	en	".help(isCollapsed ? L10n.t(""hud.question.expand"") : ""Collapse question details"")"	Collapse question details	Hardcoded UI copy bypassed the selected app language.	Picky/HUD/Conversation/Bubbles/PickyQuestionBubbleView.swift
localized_source	hud.question.deliveryFailed	ko	Answer delivery failed: \(errorMessage)	답변을 보내지 못했어요: %@	Localize hardcoded user-visible copy.	Picky/QuickInput/PickyMainQuestionPanelView.swift
localized_source	hud.question.deliveryFailed	en	Answer delivery failed: \(errorMessage)	Could not send your answer: %@	Localize hardcoded user-visible copy.	Picky/QuickInput/PickyMainQuestionPanelView.swift
localized_source	hud.question.empty	ko	질문 내용이 없습니다.	질문 내용이 없어요.	Hardcoded UI copy bypassed the selected app language.	Picky/QuickInput/PickyMainQuestionPanelView.swift
localized_source	hud.question.empty	en	질문 내용이 없습니다.	No question content.	Hardcoded UI copy bypassed the selected app language.	Picky/QuickInput/PickyMainQuestionPanelView.swift
localized_source	hud.question.escape	ko	esc 취소	esc 취소	Hardcoded UI copy bypassed the selected app language.	Picky/QuickInput/PickyMainQuestionPanelView.swift
localized_source	hud.question.escape	en	esc 취소	esc Cancel	Hardcoded UI copy bypassed the selected app language.	Picky/QuickInput/PickyMainQuestionPanelView.swift
localized_source	hud.question.expand	ko	".help(isCollapsed ? ""Expand question details"" : ""Collapse question details"")
.help(isCollapsed ? L10n.t(""hud.question.expand"") : ""Collapse question details"")"	질문 펼치기	Hardcoded UI copy bypassed the selected app language.	Picky/HUD/Conversation/Bubbles/PickyQuestionBubbleView.swift
localized_source	hud.question.expand	en	".help(isCollapsed ? ""Expand question details"" : ""Collapse question details"")
.help(isCollapsed ? L10n.t(""hud.question.expand"") : ""Collapse question details"")"	Expand question details	Hardcoded UI copy bypassed the selected app language.	Picky/HUD/Conversation/Bubbles/PickyQuestionBubbleView.swift
localized_source	hud.question.needed	ko	INPUT NEEDED	입력이 필요해요	Localize hardcoded user-visible copy.	Picky/HUD/Conversation/Bubbles/PickyQuestionBubbleView.swift
localized_source	hud.question.needed	en	INPUT NEEDED	Your input needed	Localize hardcoded user-visible copy.	Picky/HUD/Conversation/Bubbles/PickyQuestionBubbleView.swift
localized_source	hud.question.next	ko	다음	다음	Hardcoded UI copy bypassed the selected app language.	Picky/QuickInput/PickyMainQuestionPanelView.swift
localized_source	hud.question.next	en	다음	Next	Hardcoded UI copy bypassed the selected app language.	Picky/QuickInput/PickyMainQuestionPanelView.swift
localized_source	hud.question.next.accessibility	ko	Next question	다음 질문	Hardcoded UI copy bypassed the selected app language.	Picky/QuickInput/PickyMainQuestionPanelView.swift
localized_source	hud.question.next.accessibility	en	Next question	Next question	Hardcoded UI copy bypassed the selected app language.	Picky/QuickInput/PickyMainQuestionPanelView.swift
localized_source	hud.question.other	ko	Other…	기타…	Localize hardcoded user-visible copy.	Picky/QuickInput/PickyMainQuestionPanelView.swift
localized_source	hud.question.other	en	Other…	Other…	Localize hardcoded user-visible copy.	Picky/QuickInput/PickyMainQuestionPanelView.swift
localized_source	hud.question.previous	ko	이전	이전	Hardcoded UI copy bypassed the selected app language.	Picky/QuickInput/PickyMainQuestionPanelView.swift
localized_source	hud.question.previous	en	이전	Previous	Hardcoded UI copy bypassed the selected app language.	Picky/QuickInput/PickyMainQuestionPanelView.swift
localized_source	hud.question.requested	ko	Input requested	입력이 필요해요	Hardcoded UI copy bypassed the selected app language.	Picky/HUD/Conversation/Bubbles/PickyAgentBubbleView.swift
localized_source	hud.question.requested	en	Input requested	Input requested	Hardcoded UI copy bypassed the selected app language.	Picky/HUD/Conversation/Bubbles/PickyAgentBubbleView.swift
localized_source	hud.question.required	ko	필수 항목을 입력하세요	필수 항목을 입력해 주세요	Hardcoded UI copy bypassed the selected app language.	Picky/QuickInput/PickyMainQuestionPanelView.swift
localized_source	hud.question.required	en	필수 항목을 입력하세요	Fill in the required fields	Hardcoded UI copy bypassed the selected app language.	Picky/QuickInput/PickyMainQuestionPanelView.swift
localized_source	hud.question.responsePlaceholder	ko	Response…	답변을 입력하세요…	Localize hardcoded user-visible copy.	Picky/QuickInput/PickyMainQuestionPanelView.swift
localized_source	hud.question.responsePlaceholder	en	Response…	Your answer…	Localize hardcoded user-visible copy.	Picky/QuickInput/PickyMainQuestionPanelView.swift
localized_source	hud.question.sendFailed	ko	Failed to answer question	답변을 보내지 못했어요.	Localize hardcoded user-visible copy.	Picky/QuickInput/PickyMainQuestionPanelManager.swift
localized_source	hud.question.sendFailed	en	Failed to answer question	Could not send your answer.	Localize hardcoded user-visible copy.	Picky/QuickInput/PickyMainQuestionPanelManager.swift
localized_source	hud.question.status.accessibility	ko	Question \(statusLabel)	질문: %@	Localize hardcoded user-visible copy.	Picky/HUD/Conversation/Bubbles/PickyQuestionBubbleView.swift
localized_source	hud.question.status.accessibility	en	Question \(statusLabel)	Question: %@	Localize hardcoded user-visible copy.	Picky/HUD/Conversation/Bubbles/PickyQuestionBubbleView.swift
localized_source	hud.question.step	ko	Question \(viewModel.currentStepIndex + 1) of \(questions.count)	%2$lld개 중 %1$lld번째 질문	Localize hardcoded user-visible copy.	Picky/QuickInput/PickyMainQuestionPanelView.swift
localized_source	hud.question.step	en	Question \(viewModel.currentStepIndex + 1) of \(questions.count)	Question %lld of %lld	Localize hardcoded user-visible copy.	Picky/QuickInput/PickyMainQuestionPanelView.swift
localized_source	hud.question.submit	ko	"제출
Submit"	제출	Hardcoded UI copy bypassed the selected app language.	Picky/HUD/Conversation/Bubbles/PickyQuestionBubbleView.swift
localized_source	hud.question.submit	en	"제출
Submit"	Submit	Hardcoded UI copy bypassed the selected app language.	Picky/HUD/Conversation/Bubbles/PickyQuestionBubbleView.swift
localized_source	hud.question.submit.accessibility	ko	Submit answer	답변 제출	Hardcoded UI copy bypassed the selected app language.	Picky/QuickInput/PickyMainQuestionPanelView.swift
localized_source	hud.question.submit.accessibility	en	Submit answer	Submit answer	Hardcoded UI copy bypassed the selected app language.	Picky/QuickInput/PickyMainQuestionPanelView.swift
catalog	hud.queue.batch.followUp	ko	후속 요청 묶음 · 유휴 상태에 모두 전달	후속 요청 묶음 · 현재 작업이 끝나면 모두 전달	사용자가 보는 동작과 대상을 구체적으로 표현하고 한국어 안내 말투를 맞춤.	Picky/HUD/Conversation/Bubbles/PickyPendingBubbleView.swift
catalog	hud.queue.batch.followUp	en	Follow-up batch · all when idle	Follow-up batch · all after the current task	사용자가 보는 동작과 대상을 구체적으로 표현하고 한국어 안내 말투를 맞춤.	Picky/HUD/Conversation/Bubbles/PickyPendingBubbleView.swift
catalog	hud.queue.batch.steer	ko	개입 묶음 · 다음 턴에 모두 전달	작업 지시 묶음 · 다음 응답에 모두 전달	사용자가 보는 동작과 대상을 구체적으로 표현하고 한국어 안내 말투를 맞춤.	Picky/HUD/Conversation/Bubbles/PickyPendingBubbleView.swift
catalog	hud.queue.batch.steer	en	Steering batch · all next turn	Steering batch · all next turn	사용자가 보는 동작과 대상을 구체적으로 표현하고 한국어 안내 말투를 맞춤.	Picky/HUD/Conversation/Bubbles/PickyPendingBubbleView.swift
catalog	hud.queue.clear	ko	지우기	대기 요청 삭제	복원하지 않고 버리는 행동을 버튼에 표시	Picky/HUD/Conversation/PickyConversationQueueDockView.swift:94
catalog	hud.queue.clear	en	Clear	Delete queued requests	복원하지 않고 버리는 행동을 버튼에 표시	Picky/HUD/Conversation/PickyConversationQueueDockView.swift:94
catalog	hud.queue.clear.help	ko	작성기로 복원하지 않고 대기 중인 작업 지우기	입력란으로 옮기지 않고 대기 중인 메시지 삭제	사용자가 보는 동작과 대상을 구체적으로 표현하고 한국어 안내 말투를 맞춤.	Picky/HUD/Conversation/PickyConversationQueueDockView.swift
catalog	hud.queue.clear.help	en	Clear pending work without restoring it to the composer	Delete pending messages without moving them to the message field	사용자가 보는 동작과 대상을 구체적으로 표현하고 한국어 안내 말투를 맞춤.	Picky/HUD/Conversation/PickyConversationQueueDockView.swift
catalog	hud.queue.pending.steer	ko	개입 대기	작업 지시 대기	사용자가 보는 동작과 대상을 구체적으로 표현하고 한국어 안내 말투를 맞춤.	Picky/HUD/Conversation/Bubbles/PickyPendingBubbleView.swift
catalog	hud.queue.pending.steer	en	Steer pending	Steer pending	사용자가 보는 동작과 대상을 구체적으로 표현하고 한국어 안내 말투를 맞춤.	Picky/HUD/Conversation/Bubbles/PickyPendingBubbleView.swift
catalog	hud.queue.restore	ko	복원	입력란으로 옮기기	사용자가 보는 동작과 대상을 구체적으로 표현하고 한국어 안내 말투를 맞춤.	Picky/HUD/Conversation/PickyConversationQueueDockView.swift
catalog	hud.queue.restore	en	Restore	Move to input	사용자가 보는 동작과 대상을 구체적으로 표현하고 한국어 안내 말투를 맞춤.	Picky/HUD/Conversation/PickyConversationQueueDockView.swift
catalog	hud.queue.restore.accessibilityLabel	ko	대기 중인 메시지 복원	대기 중인 메시지를 입력란으로 옮기기	사용자가 보는 동작과 대상을 구체적으로 표현하고 한국어 안내 말투를 맞춤.	Picky/HUD/Conversation/PickyFocusStackComposerPresentation.swift
catalog	hud.queue.restore.accessibilityLabel	en	Restore queued messages	Move queued messages to the message field	사용자가 보는 동작과 대상을 구체적으로 표현하고 한국어 안내 말투를 맞춤.	Picky/HUD/Conversation/PickyFocusStackComposerPresentation.swift
catalog	hud.queue.restore.blockedByScreenContext.accessibilityLabel	ko	대기 중인 메시지 복원 불가: 첨부된 화면 이미지 %lld개는 아직 복원할 수 없습니다	메시지를 입력란으로 옮길 수 없음: 첨부된 화면 이미지 %lld개 복원 미지원	사용자가 보는 동작과 대상을 구체적으로 표현하고 한국어 안내 말투를 맞춤.	Picky/HUD/Conversation/PickyFocusStackComposerPresentation.swift
catalog	hud.queue.restore.blockedByScreenContext.accessibilityLabel	en	Restore queued messages unavailable: %lld attached screen images cannot yet be restored	Restore queued messages unavailable: %lld attached screen images cannot yet be restored	사용자가 보는 동작과 대상을 구체적으로 표현하고 한국어 안내 말투를 맞춤.	Picky/HUD/Conversation/PickyFocusStackComposerPresentation.swift
catalog	hud.queue.restore.blockedByScreenContext.error	ko	첨부된 화면 이미지 %lld개는 아직 복원할 수 없어 복원을 사용할 수 없습니다	첨부된 화면 이미지 %lld개는 아직 복원할 수 없어 메시지를 입력란으로 옮길 수 없어요.	사용자가 보는 동작과 대상을 구체적으로 표현하고 한국어 안내 말투를 맞춤.	Picky/Sessions/PickySessionComposerDraftController.swift
catalog	hud.queue.restore.blockedByScreenContext.error	en	Restore is unavailable because %lld attached screen images cannot yet be restored	Restore is unavailable because %lld attached screen images cannot yet be restored	사용자가 보는 동작과 대상을 구체적으로 표현하고 한국어 안내 말투를 맞춤.	Picky/Sessions/PickySessionComposerDraftController.swift
catalog	hud.queue.restore.blockedByScreenContext.help	ko	첨부된 화면 이미지 %lld개는 아직 복원할 수 없어 복원을 사용할 수 없습니다	첨부된 화면 이미지 %lld개는 아직 복원할 수 없어 메시지를 입력란으로 옮길 수 없어요.	사용자가 보는 동작과 대상을 구체적으로 표현하고 한국어 안내 말투를 맞춤.	Picky/HUD/Conversation/PickyFocusStackComposerPresentation.swift
catalog	hud.queue.restore.blockedByScreenContext.help	en	Restore is unavailable because %lld attached screen images cannot yet be restored	Restore is unavailable because %lld attached screen images cannot yet be restored	사용자가 보는 동작과 대상을 구체적으로 표현하고 한국어 안내 말투를 맞춤.	Picky/HUD/Conversation/PickyFocusStackComposerPresentation.swift
catalog	hud.queue.restore.help	ko	대기 중인 메시지를 작성기로 복원하고 대기열 지우기	대기 중인 메시지를 입력란으로 옮기고 대기열 비우기	사용자가 보는 동작과 대상을 구체적으로 표현하고 한국어 안내 말투를 맞춤.	Picky/HUD/Conversation/PickyConversationQueueDockView.swift and Picky/PickySessionViewModel.swift: queued-message restoration is to the composer, not resend; screen image restoration is explicitly blocked.
catalog	hud.queue.restore.help	en	Restore queued messages to the composer and clear pending work	Move queued messages to the message field and clear the queue	사용자가 보는 동작과 대상을 구체적으로 표현하고 한국어 안내 말투를 맞춤.	Picky/HUD/Conversation/PickyConversationQueueDockView.swift and Picky/PickySessionViewModel.swift: queued-message restoration is to the composer, not resend; screen image restoration is explicitly blocked.
catalog	hud.queue.restoring	ko	복원 중…	입력란으로 옮기는 중…	사용자가 보는 동작과 대상을 구체적으로 표현하고 한국어 안내 말투를 맞춤.	Picky/HUD/Conversation/PickyFocusStackComposerPresentation.swift
catalog	hud.queue.restoring	en	Restoring…	Moving to input…	사용자가 보는 동작과 대상을 구체적으로 표현하고 한국어 안내 말투를 맞춤.	Picky/HUD/Conversation/PickyFocusStackComposerPresentation.swift
localized_source	hud.report.copyMarkdown.help	ko	Copy this report's markdown to the clipboard	보고서 Markdown 복사	Hardcoded UI copy bypassed the selected app language.	Picky/HUD/PickyReportViewer.swift
localized_source	hud.report.copyMarkdown.help	en	Copy this report's markdown to the clipboard	Copy this report’s Markdown	Hardcoded UI copy bypassed the selected app language.	Picky/HUD/PickyReportViewer.swift
localized_source	hud.report.empty	ko	No content captured for this report.	보고서 내용이 없어요.	Hardcoded UI copy bypassed the selected app language.	Picky/HUD/PickyReportViewer.swift
localized_source	hud.report.empty	en	No content captured for this report.	This report has no content.	Hardcoded UI copy bypassed the selected app language.	Picky/HUD/PickyReportViewer.swift
localized_source	hud.report.reveal.help	ko	Open \(model.fileURL.path) in Finder	Finder에서 %@ 보기	Localize hardcoded user-visible copy.	Picky/HUD/PickyReportViewer.swift
localized_source	hud.report.reveal.help	en	Open \(model.fileURL.path) in Finder	Show %@ in Finder	Localize hardcoded user-visible copy.	Picky/HUD/PickyReportViewer.swift
localized_source	hud.report.windowTitle	ko	Picky Report — \(title)	Picky 보고서: %@	Localize hardcoded user-visible copy.	Picky/HUD/PickyReportViewer.swift
localized_source	hud.report.windowTitle	en	Picky Report — \(title)	Picky Report: %@	Localize hardcoded user-visible copy.	Picky/HUD/PickyReportViewer.swift
catalog	hud.rewind.empty	ko	되돌릴 수 있는 사용자 메시지가 없습니다.	되돌릴 수 있는 사용자 메시지가 없어요.	사용자가 보는 동작과 대상을 구체적으로 표현하고 한국어 안내 말투를 맞춤.	Picky/HUD/Conversation/PickyRewindPickerView.swift
catalog	hud.rewind.empty	en	No rewindable user messages found.	No rewindable user messages found.	사용자가 보는 동작과 대상을 구체적으로 표현하고 한국어 안내 말투를 맞춤.	Picky/HUD/Conversation/PickyRewindPickerView.swift
localized_source	hud.session.error.archived	ko	"Cannot follow up an archived Pickle session
Cannot steer an archived Pickle session"	메시지를 보내려면 이 Pickle을 먼저 복원해 주세요.	Localize hardcoded user-visible copy.	Picky/PickySessionViewModel.swift
localized_source	hud.session.error.archived	en	"Cannot follow up an archived Pickle session
Cannot steer an archived Pickle session"	Restore this Pickle before sending a message.	Localize hardcoded user-visible copy.	Picky/PickySessionViewModel.swift
localized_source	hud.session.error.disconnected	ko	Disconnected from picky-agentd	Picky 로컬 서비스와 연결이 끊겼어요.	Localize hardcoded user-visible copy.	Picky/PickySessionViewModel.swift
localized_source	hud.session.error.disconnected	en	Disconnected from picky-agentd	Disconnected from the local Picky service.	Localize hardcoded user-visible copy.	Picky/PickySessionViewModel.swift
localized_source	hud.session.error.emptyMessage	ko	"Follow-up message cannot be empty
Steer message cannot be empty"	보낼 메시지를 입력해 주세요.	Localize hardcoded user-visible copy.	Picky/PickySessionViewModel.swift
localized_source	hud.session.error.emptyMessage	en	"Follow-up message cannot be empty
Steer message cannot be empty"	Enter a message to send.	Localize hardcoded user-visible copy.	Picky/PickySessionViewModel.swift
localized_source	hud.session.error.latestReportUnavailable	ko	Latest response is not available as a report	최근 응답을 보고서로 열 수 없어요.	Localize hardcoded user-visible copy.	Picky/PickySessionViewModel.swift
localized_source	hud.session.error.latestReportUnavailable	en	Latest response is not available as a report	The latest response cannot be opened as a report.	Localize hardcoded user-visible copy.	Picky/PickySessionViewModel.swift
localized_source	hud.session.error.messageReportUnavailable	ko	Message is not available as a report	이 메시지를 보고서로 열 수 없어요.	Localize hardcoded user-visible copy.	Picky/PickySessionViewModel.swift
localized_source	hud.session.error.messageReportUnavailable	en	Message is not available as a report	This message cannot be opened as a report.	Localize hardcoded user-visible copy.	Picky/PickySessionViewModel.swift
localized_source	hud.session.error.noRetrySession	ko	No session for retry	다시 시도할 Pickle을 찾지 못했어요.	Localize hardcoded user-visible copy.	Picky/PickySessionViewModel.swift
localized_source	hud.session.error.noRetrySession	en	No session for retry	The Pickle to retry could not be found.	Localize hardcoded user-visible copy.	Picky/PickySessionViewModel.swift
localized_source	hud.session.error.noRetryText	ko	No previous request text to retry	다시 보낼 이전 요청이 없어요.	Localize hardcoded user-visible copy.	Picky/PickySessionViewModel.swift
localized_source	hud.session.error.noRetryText	en	No previous request text to retry	There is no previous request to send again.	Localize hardcoded user-visible copy.	Picky/PickySessionViewModel.swift
localized_source	hud.session.error.noSelection	ko	"No session selected for follow-up
No session selected for steering"	메시지를 보낼 Pickle을 선택해 주세요.	Localize hardcoded user-visible copy.	Picky/PickySessionViewModel.swift
localized_source	hud.session.error.noSelection	en	"No session selected for follow-up
No session selected for steering"	Select a Pickle to send a message.	Localize hardcoded user-visible copy.	Picky/PickySessionViewModel.swift
localized_source	hud.session.error.subagentReportUnavailable	ko	Subagent response is not available as a report	이 하위 에이전트 응답을 보고서로 열 수 없어요.	Localize hardcoded user-visible copy.	Picky/PickySessionViewModel.swift
localized_source	hud.session.error.subagentReportUnavailable	en	Subagent response is not available as a report	This subagent response cannot be opened as a report.	Localize hardcoded user-visible copy.	Picky/PickySessionViewModel.swift
localized_source	hud.session.sync.invalidSnapshot	ko	Discarded invalid session projection snapshot	올바르지 않은 상태 데이터로 인해 Pickle을 업데이트하지 못했어요.	Localize hardcoded user-visible copy.	Picky/PickySessionViewModel+SessionProjectionV2.swift
localized_source	hud.session.sync.invalidSnapshot	en	Discarded invalid session projection snapshot	Could not update this Pickle because its state data is invalid.	Localize hardcoded user-visible copy.	Picky/PickySessionViewModel+SessionProjectionV2.swift
localized_source	hud.session.sync.missingInitialState	ko	Discarded session projection transaction without bootstrap	초기 상태를 불러오지 못해 Pickle을 업데이트하지 못했어요.	Localize hardcoded user-visible copy.	Picky/PickySessionViewModel+SessionProjectionV2.swift
localized_source	hud.session.sync.missingInitialState	en	Discarded session projection transaction without bootstrap	Could not update this Pickle before its initial state was loaded.	Localize hardcoded user-visible copy.	Picky/PickySessionViewModel+SessionProjectionV2.swift
localized_source	hud.session.sync.reconnecting	ko	Picky lost sync with this Pickle and is reconnecting.	이 Pickle과 동기화가 끊겨 다시 연결하고 있어요.	Localize hardcoded user-visible copy.	Picky/PickySessionViewModel+SessionProjectionV2.swift
localized_source	hud.session.sync.reconnecting	en	Picky lost sync with this Pickle and is reconnecting.	Picky lost sync with this Pickle and is reconnecting.	Localize hardcoded user-visible copy.	Picky/PickySessionViewModel+SessionProjectionV2.swift
localized_source	hud.session.sync.recoveryFailed	ko	Session projection recovery failed: \(error.localizedDescription)	Pickle의 현재 상태를 복구하지 못했어요: %@	Localize hardcoded user-visible copy.	Picky/PickySessionViewModel+SessionProjectionV2.swift
localized_source	hud.session.sync.recoveryFailed	en	Session projection recovery failed: \(error.localizedDescription)	Could not recover the Pickle’s current state: %@	Localize hardcoded user-visible copy.	Picky/PickySessionViewModel+SessionProjectionV2.swift
localized_source	hud.session.sync.storageUnavailable	ko	Session projection v2 requires registry storage	Pickle 상태 저장소를 사용할 수 없어요.	Localize hardcoded user-visible copy.	Picky/PickySessionViewModel+SessionProjectionV2.swift
localized_source	hud.session.sync.storageUnavailable	en	Session projection v2 requires registry storage	Pickle state storage is unavailable.	Localize hardcoded user-visible copy.	Picky/PickySessionViewModel+SessionProjectionV2.swift
localized_source	hud.state.blocked	ko	Blocked	진행할 수 없음	Localize hardcoded user-visible copy.	Picky/HUD/PickyHUDLayoutPolicy.swift
localized_source	hud.state.blocked	en	Blocked	Blocked	Localize hardcoded user-visible copy.	Picky/HUD/PickyHUDLayoutPolicy.swift
localized_source	hud.state.cancelled	ko	Cancelled	취소됨	Localize hardcoded user-visible copy.	Picky/HUD/PickyHUDLayoutPolicy.swift
localized_source	hud.state.cancelled	en	Cancelled	Cancelled	Localize hardcoded user-visible copy.	Picky/HUD/PickyHUDLayoutPolicy.swift
localized_source	hud.state.queued	ko	Queued	대기 중	Localize hardcoded user-visible copy.	Picky/HUD/PickyHUDDockIconView.swift
localized_source	hud.state.queued	en	Queued	Queued	Localize hardcoded user-visible copy.	Picky/HUD/PickyHUDDockIconView.swift
catalog	hud.subagent.invocation.batch	ko	batch ×%lld	병렬 ×%lld	사용자가 보는 동작과 대상을 구체적으로 표현하고 한국어 안내 말투를 맞춤.	Picky/HUD/Conversation/PickySubagentInvocationPresentation.swift
catalog	hud.subagent.invocation.batch	en	batch ×%lld	batch ×%lld	사용자가 보는 동작과 대상을 구체적으로 표현하고 한국어 안내 말투를 맞춤.	Picky/HUD/Conversation/PickySubagentInvocationPresentation.swift
catalog	hud.subagent.invocation.chain	ko	chain %1$lld/%2$lld	순차 %1$lld/%2$lld	사용자가 보는 동작과 대상을 구체적으로 표현하고 한국어 안내 말투를 맞춤.	Picky/HUD/Conversation/PickySubagentInvocationPresentation.swift
catalog	hud.subagent.invocation.chain	en	chain %lld/%lld	chain %lld/%lld	사용자가 보는 동작과 대상을 구체적으로 표현하고 한국어 안내 말투를 맞춤.	Picky/HUD/Conversation/PickySubagentInvocationPresentation.swift
catalog	hud.subagent.invocation.run	ko	run	실행	사용자가 보는 동작과 대상을 구체적으로 표현하고 한국어 안내 말투를 맞춤.	Picky/HUD/Conversation/PickySubagentInvocationPresentation.swift
catalog	hud.subagent.invocation.run	en	run	run	사용자가 보는 동작과 대상을 구체적으로 표현하고 한국어 안내 말투를 맞춤.	Picky/HUD/Conversation/PickySubagentInvocationPresentation.swift
localized_source	hud.terminalSync.baselineMissing.body	ko	Pi may have compacted or branched the transcript while the terminal was open. The card was not updated. Open the terminal again or copy the resume command if you need the latest answer.	터미널 대화를 합칠 수 없어 카드를 업데이트하지 못했어요. 최신 답변은 터미널을 다시 열거나 재개 명령을 복사해 확인하세요.	동기화 실패시 기존 복구 선택지 보존	Picky/HUD/Conversation/Bubbles/PickyTerminalSyncBanner.swift
localized_source	hud.terminalSync.baselineMissing.body	en	Pi may have compacted or branched the transcript while the terminal was open. The card was not updated. Open the terminal again or copy the resume command if you need the latest answer.	The terminal conversation could not be merged, so this card was not updated. Reopen the terminal or copy the resume command to see the latest answer.	동기화 실패시 기존 복구 선택지 보존	Picky/HUD/Conversation/Bubbles/PickyTerminalSyncBanner.swift
localized_source	hud.terminalSync.baselineMissing.title	ko	Terminal sync skipped	대화를 동기화하지 못했어요	Localize hardcoded user-visible copy.	Picky/HUD/Conversation/Bubbles/PickyTerminalSyncBanner.swift
localized_source	hud.terminalSync.baselineMissing.title	en	Terminal sync skipped	Conversation not synced	Localize hardcoded user-visible copy.	Picky/HUD/Conversation/Bubbles/PickyTerminalSyncBanner.swift
localized_source	hud.terminalSync.imported.many	ko	\(count) new messages were imported from the terminal session.	터미널에서 메시지 %lld개를 가져왔어요.	Localize hardcoded user-visible copy.	Picky/HUD/Conversation/Bubbles/PickyTerminalSyncBanner.swift
localized_source	hud.terminalSync.imported.many	en	\(count) new messages were imported from the terminal session.	Added %lld messages from the terminal.	Localize hardcoded user-visible copy.	Picky/HUD/Conversation/Bubbles/PickyTerminalSyncBanner.swift
localized_source	hud.terminalSync.imported.one	ko	1 new message was imported from the terminal session.	터미널에서 메시지 1개를 가져왔어요.	Localize hardcoded user-visible copy.	Picky/HUD/Conversation/Bubbles/PickyTerminalSyncBanner.swift
localized_source	hud.terminalSync.imported.one	en	1 new message was imported from the terminal session.	Added 1 message from the terminal.	Localize hardcoded user-visible copy.	Picky/HUD/Conversation/Bubbles/PickyTerminalSyncBanner.swift
localized_source	hud.terminalSync.imported.title	ko	Terminal sync	대화 동기화됨	Localize hardcoded user-visible copy.	Picky/HUD/Conversation/Bubbles/PickyTerminalSyncBanner.swift
localized_source	hud.terminalSync.imported.title	en	Terminal sync	Conversation synced	Localize hardcoded user-visible copy.	Picky/HUD/Conversation/Bubbles/PickyTerminalSyncBanner.swift
catalog	hud.todo.collapse	ko	작업 진행 목록 축소	작업 진행 목록 접기	사용자가 보는 동작과 대상을 구체적으로 표현하고 한국어 안내 말투를 맞춤.	Picky/HUD/Conversation/PickyConversationLiveStepView.swift
catalog	hud.todo.collapse	en	Collapse task progress	Collapse task progress	사용자가 보는 동작과 대상을 구체적으로 표현하고 한국어 안내 말투를 맞춤.	Picky/HUD/Conversation/PickyConversationLiveStepView.swift
catalog	hud.todo.toggle.help	ko	작업 진행 목록 펼치기 또는 축소하기	작업 진행 목록 펼치기 또는 접기	사용자가 보는 동작과 대상을 구체적으로 표현하고 한국어 안내 말투를 맞춤.	Picky/Resources/Localizable.xcstrings: catalog entry; no exact literal Swift consumer found (possibly indirect/legacy).
catalog	hud.todo.toggle.help	en	Expand or collapse task progress	Expand or collapse task progress	사용자가 보는 동작과 대상을 구체적으로 표현하고 한국어 안내 말투를 맞춤.	Picky/Resources/Localizable.xcstrings: catalog entry; no exact literal Swift consumer found (possibly indirect/legacy).
localized_source	hud.toolCall.accessibility	ko	".accessibilityLabel([displayedToolName, displayedDetail, ""tool call""].compactMap { $0 }.joined(separator: "" ""))"	도구 실행	Localize hardcoded user-visible copy.	Picky/HUD/Conversation/Bubbles/PickyToolCallInlineRow.swift
localized_source	hud.toolCall.accessibility	en	".accessibilityLabel([displayedToolName, displayedDetail, ""tool call""].compactMap { $0 }.joined(separator: "" ""))"	tool call	Localize hardcoded user-visible copy.	Picky/HUD/Conversation/Bubbles/PickyToolCallInlineRow.swift
catalog	hud.toolHistory.argumentsUnavailable	ko	원본 입력을 아직 확인할 수 없습니다.	원본 입력을 아직 확인할 수 없어요.	사용자가 보는 동작과 대상을 구체적으로 표현하고 한국어 안내 말투를 맞춤.	Picky/HUD/PickyToolHistoryDetailView.swift
catalog	hud.toolHistory.argumentsUnavailable	en	Original input is not available yet.	Original input is not available yet.	사용자가 보는 동작과 대상을 구체적으로 표현하고 한국어 안내 말투를 맞춤.	Picky/HUD/PickyToolHistoryDetailView.swift
catalog	hud.toolHistory.ask.awaiting	ko	세션에서 답변을 기다리고 있습니다.	대화에서 답변을 기다리고 있어요.	사용자가 보는 동작과 대상을 구체적으로 표현하고 한국어 안내 말투를 맞춤.	Picky/HUD/PickyToolHistoryContentView.swift
catalog	hud.toolHistory.ask.awaiting	en	Waiting for an answer in the session.	Waiting for an answer in the conversation.	사용자가 보는 동작과 대상을 구체적으로 표현하고 한국어 안내 말투를 맞춤.	Picky/HUD/PickyToolHistoryContentView.swift
catalog	hud.toolHistory.ask.dismissed	ko	답변 없이 닫은 질문입니다.	답변을 제출하지 않고 닫은 질문이에요.	사용자가 보는 동작과 대상을 구체적으로 표현하고 한국어 안내 말투를 맞춤.	Picky/HUD/PickyToolHistoryContentView.swift
catalog	hud.toolHistory.ask.dismissed	en	Closed without a submitted answer.	Closed without a submitted answer.	사용자가 보는 동작과 대상을 구체적으로 표현하고 한국어 안내 말투를 맞춤.	Picky/HUD/PickyToolHistoryContentView.swift
catalog	hud.toolHistory.ask.unavailable	ko	구조화된 답변을 확인할 수 없어 저장된 응답을 표시합니다.	답변을 항목별로 표시할 수 없어 저장된 응답을 보여드려요.	사용자가 보는 동작과 대상을 구체적으로 표현하고 한국어 안내 말투를 맞춤.	Picky/HUD/PickyToolHistoryContentView.swift
catalog	hud.toolHistory.ask.unavailable	en	Structured answers are unavailable. The stored response is shown below.	Answers cannot be displayed by field. The stored response is shown below.	사용자가 보는 동작과 대상을 구체적으로 표현하고 한국어 안내 말투를 맞춤.	Picky/HUD/PickyToolHistoryContentView.swift
catalog	hud.toolHistory.categoryFilter.accessibilityLabel	ko	%@ %lld개 호출	%@, %lld회 호출	사용자가 보는 동작과 대상을 구체적으로 표현하고 한국어 안내 말투를 맞춤.	Picky/Resources/Localizable.xcstrings: catalog entry; no exact literal Swift consumer found (possibly indirect/legacy).
catalog	hud.toolHistory.categoryFilter.accessibilityLabel	en	%@, %lld calls	%@, %lld calls	사용자가 보는 동작과 대상을 구체적으로 표현하고 한국어 안내 말투를 맞춤.	Picky/Resources/Localizable.xcstrings: catalog entry; no exact literal Swift consumer found (possibly indirect/legacy).
catalog	hud.toolHistory.detail.attachmentsOmitted	ko	이미지 데이터는 제외했습니다. 텍스트와 저장된 메타데이터를 표시합니다.	이미지 데이터는 생략하고 텍스트와 확인 가능한 메타데이터만 표시해요.	사용자가 보는 동작과 대상을 구체적으로 표현하고 한국어 안내 말투를 맞춤.	Picky/HUD/PickyToolHistoryDetailView.swift
catalog	hud.toolHistory.detail.attachmentsOmitted	en	Image data is omitted. Text and available metadata are shown.	Image data is omitted. Text and available metadata are shown.	사용자가 보는 동작과 대상을 구체적으로 표현하고 한국어 안내 말투를 맞춤.	Picky/HUD/PickyToolHistoryDetailView.swift
catalog	hud.toolHistory.detail.failed	ko	원문을 불러오지 못했습니다. daemon 연결을 확인한 뒤 다시 시도하세요.	원문을 불러오지 못했어요. 다시 시도하세요.	사용자가 보는 동작과 대상을 구체적으로 표현하고 한국어 안내 말투를 맞춤.	Picky/HUD/PickyToolHistoryDetailModel.swift: any loader error maps to failed, not only daemon connectivity; Picky/HUD/PickyToolHistoryDetailView.swift renders Retry for failed.
catalog	hud.toolHistory.detail.failed	en	Could not load the original. Check the daemon connection and retry.	Could not load the original. Try again.	사용자가 보는 동작과 대상을 구체적으로 표현하고 한국어 안내 말투를 맞춤.	Picky/HUD/PickyToolHistoryDetailModel.swift: any loader error maps to failed, not only daemon connectivity; Picky/HUD/PickyToolHistoryDetailView.swift renders Retry for failed.
catalog	hud.toolHistory.detail.pending	ko	결과가 아직 저장되지 않았습니다. 잠시 후 다시 시도하세요.	결과가 아직 저장되지 않았어요. 잠시 후 다시 시도하세요.	사용자가 보는 동작과 대상을 구체적으로 표현하고 한국어 안내 말투를 맞춤.	Picky/HUD/PickyToolHistoryDetailView.swift: status(_:) dynamically resolves hud.toolHistory.detail keys; Picky/HUD/PickyToolHistoryDetailModel.swift state and retry().
catalog	hud.toolHistory.detail.pending	en	The result has not been saved yet. Try again shortly.	The result has not been saved yet. Try again shortly.	사용자가 보는 동작과 대상을 구체적으로 표현하고 한국어 안내 말투를 맞춤.	Picky/HUD/PickyToolHistoryDetailView.swift: status(_:) dynamically resolves hud.toolHistory.detail keys; Picky/HUD/PickyToolHistoryDetailModel.swift state and retry().
catalog	hud.toolHistory.detail.scope	ko	저장된 실행 기록입니다. Pi가 도구 출력 자체를 잘라 저장했을 수 있습니다.	저장된 실행 기록이에요. Pi가 도구 출력의 일부만 저장했을 수 있어요.	사용자가 보는 동작과 대상을 구체적으로 표현하고 한국어 안내 말투를 맞춤.	Picky/HUD/PickyToolHistoryDetailView.swift: status(_:) dynamically resolves hud.toolHistory.detail keys; Picky/HUD/PickyToolHistoryDetailModel.swift state and retry().
catalog	hud.toolHistory.detail.scope	en	Stored execution record. Pi may have truncated the original tool output.	Stored execution record. Pi may have truncated the original tool output.	사용자가 보는 동작과 대상을 구체적으로 표현하고 한국어 안내 말투를 맞춤.	Picky/HUD/PickyToolHistoryDetailView.swift: status(_:) dynamically resolves hud.toolHistory.detail keys; Picky/HUD/PickyToolHistoryDetailModel.swift state and retry().
catalog	hud.toolHistory.detail.sourceChanged	ko	세션이 변경됐습니다. 상세를 닫고 갱신된 이력에서 호출을 선택하세요.	대화가 변경됐어요. 상세 창을 닫고 새로 불러온 도구 기록에서 다시 선택하세요.	사용자가 보는 동작과 대상을 구체적으로 표현하고 한국어 안내 말투를 맞춤.	Picky/HUD/PickyToolHistoryDetailView.swift: status(_:) dynamically resolves hud.toolHistory.detail keys; Picky/HUD/PickyToolHistoryDetailModel.swift state and retry().
catalog	hud.toolHistory.detail.sourceChanged	en	The session changed. Close this detail and select a call from the refreshed history.	The conversation changed. Close this detail and select a tool call from the refreshed history.	사용자가 보는 동작과 대상을 구체적으로 표현하고 한국어 안내 말투를 맞춤.	Picky/HUD/PickyToolHistoryDetailView.swift: status(_:) dynamically resolves hud.toolHistory.detail keys; Picky/HUD/PickyToolHistoryDetailModel.swift state and retry().
catalog	hud.toolHistory.detail.storedPreview	ko	저장된 미리보기 · 원문 전체가 아닐 수 있습니다	저장된 미리보기 · 원문 일부만 포함할 수 있어요	사용자가 보는 동작과 대상을 구체적으로 표현하고 한국어 안내 말투를 맞춤.	Picky/HUD/PickyToolHistoryDetailView.swift
catalog	hud.toolHistory.detail.storedPreview	en	Stored preview · may not include the full original	Stored preview · may not include the full original	사용자가 보는 동작과 대상을 구체적으로 표현하고 한국어 안내 말투를 맞춤.	Picky/HUD/PickyToolHistoryDetailView.swift
catalog	hud.toolHistory.detail.storedPreviewTruncated	ko	저장된 미리보기 · 일부가 잘려 원문 전체가 아닙니다	저장된 미리보기 · 원문 일부가 잘렸어요	사용자가 보는 동작과 대상을 구체적으로 표현하고 한국어 안내 말투를 맞춤.	Picky/HUD/PickyToolHistoryDetailView.swift
catalog	hud.toolHistory.detail.storedPreviewTruncated	en	Stored preview · truncated, not the full original	Stored preview · truncated, not the full original	사용자가 보는 동작과 대상을 구체적으로 표현하고 한국어 안내 말투를 맞춤.	Picky/HUD/PickyToolHistoryDetailView.swift
catalog	hud.toolHistory.detail.unavailable	ko	원본이 없거나 읽을 수 없거나, 호출을 식별할 수 없거나 읽기 제한을 초과했습니다. 미리보기는 계속 볼 수 있습니다.	원문을 찾거나 읽을 수 없어요. 기록을 식별하지 못했거나 읽기 제한을 초과했을 수도 있어요. 저장된 미리보기가 있으면 아래에 표시해요.	사용자가 보는 동작과 대상을 구체적으로 표현하고 한국어 안내 말투를 맞춤.	Picky/HUD/PickyToolHistoryDetailView.swift: storedPreview returns optional entry.result; therefore a preview is not guaranteed.
catalog	hud.toolHistory.detail.unavailable	en	The original record is missing, unreadable, ambiguous, or exceeds the reader limit. The preview is still available.	The original could not be found or read. The record may be ambiguous or exceed the read limit. A stored preview is shown below if available.	사용자가 보는 동작과 대상을 구체적으로 표현하고 한국어 안내 말투를 맞춤.	Picky/HUD/PickyToolHistoryDetailView.swift: storedPreview returns optional entry.result; therefore a preview is not guaranteed.
catalog	hud.toolHistory.detail.unsupported	ko	직접 실행한 셸 명령의 원문 조회는 아직 지원하지 않습니다.	직접 실행한 셸 명령은 아직 원문을 조회할 수 없어요.	사용자가 보는 동작과 대상을 구체적으로 표현하고 한국어 안내 말투를 맞춤.	Picky/HUD/PickyToolHistoryDetailView.swift: status(_:) dynamically resolves hud.toolHistory.detail keys; Picky/HUD/PickyToolHistoryDetailModel.swift state and retry().
catalog	hud.toolHistory.detail.unsupported	en	Original lookup for directly executed shell commands is not supported yet.	Original lookup for directly executed shell commands is not supported yet.	사용자가 보는 동작과 대상을 구체적으로 표현하고 한국어 안내 말투를 맞춤.	Picky/HUD/PickyToolHistoryDetailView.swift: status(_:) dynamically resolves hud.toolHistory.detail keys; Picky/HUD/PickyToolHistoryDetailModel.swift state and retry().
catalog	hud.toolHistory.empty	ko	아직 기록된 툴 호출이 없어요	아직 기록된 도구 호출이 없어요	Pickle 브랜드 표기와 보관·도구 용어를 화면 전반에서 통일.	Picky/HUD/PickyToolHistoryViewerWindowView.swift
catalog	hud.toolHistory.empty	en	No tool calls recorded yet	No tool calls recorded yet	Pickle 브랜드 표기와 보관·도구 용어를 화면 전반에서 통일.	Picky/HUD/PickyToolHistoryViewerWindowView.swift
localized_source	hud.toolHistory.failed.help	ko	Tool failed — open tool history	도구 실행 실패 · 실행 내역 열기	Hardcoded UI copy bypassed the selected app language.	Picky/HUD/Conversation/Bubbles/PickyToolCallInlineRow.swift
localized_source	hud.toolHistory.failed.help	en	Tool failed — open tool history	Tool failed. Open tool history.	Hardcoded UI copy bypassed the selected app language.	Picky/HUD/Conversation/Bubbles/PickyToolCallInlineRow.swift
catalog	hud.toolHistory.file.unavailable	ko	파일을 열 수 없습니다	파일을 열 수 없어요	사용자가 보는 동작과 대상을 구체적으로 표현하고 한국어 안내 말투를 맞춤.	Picky/HUD/PickyToolHistoryEntryView.swift
catalog	hud.toolHistory.file.unavailable	en	Could not open the file	Could not open the file	사용자가 보는 동작과 대상을 구체적으로 표현하고 한국어 안내 말투를 맞춤.	Picky/HUD/PickyToolHistoryEntryView.swift
catalog	hud.toolHistory.filter.empty	ko	필터와 일치하는 툴 호출이 없어요	필터와 일치하는 도구 호출이 없어요	Pickle 브랜드 표기와 보관·도구 용어를 화면 전반에서 통일.	Picky/HUD/PickyToolHistoryViewerWindowView.swift
catalog	hud.toolHistory.filter.empty	en	No tool calls match these filters	No tool calls match these filters	Pickle 브랜드 표기와 보관·도구 용어를 화면 전반에서 통일.	Picky/HUD/PickyToolHistoryViewerWindowView.swift
localized_source	hud.toolHistory.open	ko	Open tool history	도구 실행 내역 열기	Hardcoded UI copy bypassed the selected app language.	Picky/HUD/Conversation/Bubbles/PickyToolCallInlineRow.swift
localized_source	hud.toolHistory.open	en	Open tool history	Open tool history	Hardcoded UI copy bypassed the selected app language.	Picky/HUD/Conversation/Bubbles/PickyToolCallInlineRow.swift
localized_source	hud.toolHistory.running.help	ko	Tool running — open tool history	도구 실행 중 · 실행 내역 열기	Hardcoded UI copy bypassed the selected app language.	Picky/HUD/Conversation/Bubbles/PickyToolCallInlineRow.swift
localized_source	hud.toolHistory.running.help	en	Tool running — open tool history	Tool running. Open tool history.	Hardcoded UI copy bypassed the selected app language.	Picky/HUD/Conversation/Bubbles/PickyToolCallInlineRow.swift
catalog	hud.toolHistory.scope.session	ko	전체 세션	전체 대화	사용자가 보는 동작과 대상을 구체적으로 표현하고 한국어 안내 말투를 맞춤.	Picky/HUD/PickyToolHistoryViewerWindowView.swift
catalog	hud.toolHistory.scope.session	en	Whole session	Whole conversation	사용자가 보는 동작과 대상을 구체적으로 표현하고 한국어 안내 말투를 맞춤.	Picky/HUD/PickyToolHistoryViewerWindowView.swift
catalog	hud.toolHistory.scope.turn	ko	현재 턴	이번 응답	사용자가 보는 동작과 대상을 구체적으로 표현하고 한국어 안내 말투를 맞춤.	Picky/HUD/PickyToolHistoryViewerWindowView.swift
catalog	hud.toolHistory.scope.turn	en	This turn	This turn	사용자가 보는 동작과 대상을 구체적으로 표현하고 한국어 안내 말투를 맞춤.	Picky/HUD/PickyToolHistoryViewerWindowView.swift
catalog	hud.toolHistory.search.accessibilityLabel	ko	툴 이력 검색	도구 기록 검색	Pickle 브랜드 표기와 보관·도구 용어를 화면 전반에서 통일.	Picky/HUD/PickyToolHistoryViewerWindowView.swift
catalog	hud.toolHistory.search.accessibilityLabel	en	Search tool history	Search tool history	Pickle 브랜드 표기와 보관·도구 용어를 화면 전반에서 통일.	Picky/HUD/PickyToolHistoryViewerWindowView.swift
catalog	hud.toolHistory.search.placeholder	ko	툴 검색	도구 검색	Pickle 브랜드 표기와 보관·도구 용어를 화면 전반에서 통일.	Picky/HUD/PickyToolHistoryViewerWindowView.swift
catalog	hud.toolHistory.search.placeholder	en	Search tools	Search tools	Pickle 브랜드 표기와 보관·도구 용어를 화면 전반에서 통일.	Picky/HUD/PickyToolHistoryViewerWindowView.swift
localized_source	hud.toolHistory.windowTitle	ko	Tool history — \(title)	도구 실행 내역: %@	Localize hardcoded user-visible copy.	Picky/HUD/PickyToolHistoryViewer.swift
localized_source	hud.toolHistory.windowTitle	en	Tool history — \(title)	Tool History: %@	Localize hardcoded user-visible copy.	Picky/HUD/PickyToolHistoryViewer.swift
catalog	hud.utilityPanel.accessibilityLabel	ko	피클 유틸리티 패널	Pickle 작업 패널	사용자가 보는 동작과 대상을 구체적으로 표현하고 한국어 안내 말투를 맞춤.	Picky/HUD/PickyHUDUtilityPanel.swift; Picky/HUD/Conversation/PickyConversationComposerView.swift
catalog	hud.utilityPanel.accessibilityLabel	en	Pickle utility panel	Pickle work panel	사용자가 보는 동작과 대상을 구체적으로 표현하고 한국어 안내 말투를 맞춤.	Picky/HUD/PickyHUDUtilityPanel.swift; Picky/HUD/Conversation/PickyConversationComposerView.swift
catalog	hud.utilityPanel.changes.placeholder	ko	변경사항이 여기에 표시됩니다	변경사항이 여기에 표시돼요	사용자가 보는 동작과 대상을 구체적으로 표현하고 한국어 안내 말투를 맞춤.	Picky/Resources/Localizable.xcstrings: catalog entry; no exact literal Swift consumer found (possibly indirect/legacy).
catalog	hud.utilityPanel.changes.placeholder	en	Changes will appear here	Changes will appear here	사용자가 보는 동작과 대상을 구체적으로 표현하고 한국어 안내 말투를 맞춤.	Picky/Resources/Localizable.xcstrings: catalog entry; no exact literal Swift consumer found (possibly indirect/legacy).
catalog	hud.utilityPanel.tab.artifacts	ko	작업물	결과물	사용자가 보는 동작과 대상을 구체적으로 표현하고 한국어 안내 말투를 맞춤.	Picky/Resources/Localizable.xcstrings: catalog entry; no exact literal Swift consumer found (possibly indirect/legacy).
catalog	hud.utilityPanel.tab.artifacts	en	Artifacts	Artifacts	사용자가 보는 동작과 대상을 구체적으로 표현하고 한국어 안내 말투를 맞춤.	Picky/Resources/Localizable.xcstrings: catalog entry; no exact literal Swift consumer found (possibly indirect/legacy).
catalog	hud.utilityPanel.toggle.help	ko	유틸리티 패널 표시 또는 숨기기(⌘E)	작업 패널 표시 또는 숨기기 (⌘E)	사용자가 보는 동작과 대상을 구체적으로 표현하고 한국어 안내 말투를 맞춤.	Picky/HUD/Conversation/PickyConversationComposerView.swift
catalog	hud.utilityPanel.toggle.help	en	Show or hide utility panel (⌘E)	Show or hide the work panel (⌘E)	사용자가 보는 동작과 대상을 구체적으로 표현하고 한국어 안내 말투를 맞춤.	Picky/HUD/Conversation/PickyConversationComposerView.swift
localized_source	menu.checkUpdates	ko	Check for Updates…	업데이트 확인…	Localize hardcoded user-visible copy.	Picky/App/PickyAppMenuInstaller.swift
localized_source	menu.checkUpdates	en	Check for Updates…	Check for Updates…	Localize hardcoded user-visible copy.	Picky/App/PickyAppMenuInstaller.swift
localized_source	menu.closeWindow	ko	Close Window	윈도우 닫기	Localize hardcoded user-visible copy.	Picky/App/PickyAppMenuInstaller.swift
localized_source	menu.closeWindow	en	Close Window	Close Window	Localize hardcoded user-visible copy.	Picky/App/PickyAppMenuInstaller.swift
localized_source	menu.copy	ko	Copy	복사	Localize hardcoded user-visible copy.	Picky/App/PickyAppMenuInstaller.swift
localized_source	menu.copy	en	Copy	Copy	Localize hardcoded user-visible copy.	Picky/App/PickyAppMenuInstaller.swift
localized_source	menu.cut	ko	Cut	오려두기	Localize hardcoded user-visible copy.	Picky/App/PickyAppMenuInstaller.swift
localized_source	menu.cut	en	Cut	Cut	Localize hardcoded user-visible copy.	Picky/App/PickyAppMenuInstaller.swift
localized_source	menu.edit	ko	Edit	편집	Localize hardcoded user-visible copy.	Picky/App/PickyAppMenuInstaller.swift
localized_source	menu.edit	en	Edit	Edit	Localize hardcoded user-visible copy.	Picky/App/PickyAppMenuInstaller.swift
localized_source	menu.fontSize	ko	"let fontSizeItem = NSMenuItem(title: ""Font Size"", action: nil, keyEquivalent: """")
Font Size"	글자 크기	Localize hardcoded user-visible copy.	Picky/App/PickyAppMenuInstaller.swift
localized_source	menu.fontSize	en	"let fontSizeItem = NSMenuItem(title: ""Font Size"", action: nil, keyEquivalent: """")
Font Size"	Font Size	Localize hardcoded user-visible copy.	Picky/App/PickyAppMenuInstaller.swift
localized_source	menu.fontSize.decrease	ko	Decrease	작게	Localize hardcoded user-visible copy.	Picky/App/PickyAppMenuInstaller.swift
localized_source	menu.fontSize.decrease	en	Decrease	Decrease	Localize hardcoded user-visible copy.	Picky/App/PickyAppMenuInstaller.swift
localized_source	menu.fontSize.increase	ko	Increase	크게	Localize hardcoded user-visible copy.	Picky/App/PickyAppMenuInstaller.swift
localized_source	menu.fontSize.increase	en	Increase	Increase	Localize hardcoded user-visible copy.	Picky/App/PickyAppMenuInstaller.swift
localized_source	menu.fontSize.reset	ko	Actual Size	기본 크기	Localize hardcoded user-visible copy.	Picky/App/PickyAppMenuInstaller.swift
localized_source	menu.fontSize.reset	en	Actual Size	Actual Size	Localize hardcoded user-visible copy.	Picky/App/PickyAppMenuInstaller.swift
localized_source	menu.paste	ko	Paste	붙여넣기	Localize hardcoded user-visible copy.	Picky/App/PickyAppMenuInstaller.swift
localized_source	menu.paste	en	Paste	Paste	Localize hardcoded user-visible copy.	Picky/App/PickyAppMenuInstaller.swift
localized_source	menu.redo	ko	Redo	다시 실행	Localize hardcoded user-visible copy.	Picky/App/PickyAppMenuInstaller.swift
localized_source	menu.redo	en	Redo	Redo	Localize hardcoded user-visible copy.	Picky/App/PickyAppMenuInstaller.swift
localized_source	menu.selectAll	ko	Select All	모두 선택	Localize hardcoded user-visible copy.	Picky/App/PickyAppMenuInstaller.swift
localized_source	menu.selectAll	en	Select All	Select All	Localize hardcoded user-visible copy.	Picky/App/PickyAppMenuInstaller.swift
localized_source	menu.undo	ko	Undo	실행 취소	Localize hardcoded user-visible copy.	Picky/App/PickyAppMenuInstaller.swift
localized_source	menu.undo	en	Undo	Undo	Localize hardcoded user-visible copy.	Picky/App/PickyAppMenuInstaller.swift
localized_source	menu.view	ko	View	보기	Localize hardcoded user-visible copy.	Picky/App/PickyAppMenuInstaller.swift
localized_source	menu.view	en	View	View	Localize hardcoded user-visible copy.	Picky/App/PickyAppMenuInstaller.swift
localized_source	menu.window	ko	Window	윈도우	Localize hardcoded user-visible copy.	Picky/App/PickyAppMenuInstaller.swift
localized_source	menu.window	en	Window	Window	Localize hardcoded user-visible copy.	Picky/App/PickyAppMenuInstaller.swift
catalog	messages.empty.body	ko	Control+Option을 누르고 있거나 아래에 직접 입력해 보세요. 프롬프트와 Picky의 응답이 여기에 표시돼요.	음성으로 말하거나 아래에 입력하세요. 보낸 메시지와 Picky의 답변이 여기에 표시돼요.	사용자가 보는 동작과 대상을 구체적으로 표현하고 한국어 안내 말투를 맞춤.	Picky/Companion/CompanionPanelMessagesView.swift: empty state; Picky/Shortcuts and Picky/QuickInput/QuickInputPanelView.swift: configurable voice input, so fixed Control+Option instruction removed.
catalog	messages.empty.body	en	Hold Control+Option or type below. Your prompt and the Picky reply will appear here.	Use voice input or type below. Your messages and Picky’s replies will appear here.	사용자가 보는 동작과 대상을 구체적으로 표현하고 한국어 안내 말투를 맞춤.	Picky/Companion/CompanionPanelMessagesView.swift: empty state; Picky/Shortcuts and Picky/QuickInput/QuickInputPanelView.swift: configurable voice input, so fixed Control+Option instruction removed.
catalog	messages.newSession	ko	새 세션	새 대화	사용자가 보는 동작과 대상을 구체적으로 표현하고 한국어 안내 말투를 맞춤.	Picky/QuickInput/QuickInputPanelView.swift; Picky/Companion/CompanionPanelMessagesView.swift
catalog	messages.newSession	en	New session	New conversation	사용자가 보는 동작과 대상을 구체적으로 표현하고 한국어 안내 말투를 맞춤.	Picky/QuickInput/QuickInputPanelView.swift; Picky/Companion/CompanionPanelMessagesView.swift
catalog	messages.newSession.starting	ko	새 세션 시작 중	새 대화 시작 중	사용자가 보는 동작과 대상을 구체적으로 표현하고 한국어 안내 말투를 맞춤.	Picky/QuickInput/QuickInputPanelView.swift
catalog	messages.newSession.starting	en	Starting new session	Starting a new conversation	사용자가 보는 동작과 대상을 구체적으로 표현하고 한국어 안내 말투를 맞춤.	Picky/QuickInput/QuickInputPanelView.swift
catalog	messages.subtitle	ko	최근 프롬프트와 응답 100개.	최근 메시지와 답변, 최대 100개	사용자가 보는 동작과 대상을 구체적으로 표현하고 한국어 안내 말투를 맞춤.	Picky/Companion/PickyMainAgentConversationStore.swift: messageRetention=100 and suffix(messageRetention); Picky/QuickInput/QuickInputPanelManager.swift: suffix(100). Limit counts individual messages, not 100 request/reply pairs.
catalog	messages.subtitle	en	Latest 100 prompts and replies.	Up to 100 recent messages and replies.	사용자가 보는 동작과 대상을 구체적으로 표현하고 한국어 안내 말투를 맞춤.	Picky/Companion/PickyMainAgentConversationStore.swift: messageRetention=100 and suffix(messageRetention); Picky/QuickInput/QuickInputPanelManager.swift: suffix(100). Limit counts individual messages, not 100 request/reply pairs.
catalog	notif.session.completed.title	ko	분석이 끝났어요	작업이 끝났어요	사용자가 보는 동작과 대상을 구체적으로 표현하고 한국어 안내 말투를 맞춤.	Picky/Domain/PickyCompletionNotificationRoutingPolicy.swift: notification emitted for any completed envelope; no analysis-only condition.
catalog	notif.session.completed.title	en	Analysis finished	Task completed	사용자가 보는 동작과 대상을 구체적으로 표현하고 한국어 안내 말투를 맞춤.	Picky/Domain/PickyCompletionNotificationRoutingPolicy.swift: notification emitted for any completed envelope; no analysis-only condition.
catalog	onboarding.bubble.awaitingArchive	ko	이제 데모 Pickle을 **길게 눌러** 아카이브해 보세요.	이제 데모 Pickle을 **길게 눌러** 보관해 보세요.	전문용어·혼용 표현을 줄이고 사용자의 행동을 명확히 안내	Picky/Companion/Onboarding/OnboardingNarrationPlayer.swift: OnboardingNarrationKey dynamic localization; Picky/Companion/Onboarding/OnboardingFlowController.swift
catalog	onboarding.bubble.awaitingArchive	en	Now **long-press** the demo pickle to archive it.	Now **long-press** the demo pickle to archive it.	전문용어·혼용 표현을 줄이고 사용자의 행동을 명확히 안내	Picky/Companion/Onboarding/OnboardingNarrationPlayer.swift: OnboardingNarrationKey dynamic localization; Picky/Companion/Onboarding/OnboardingFlowController.swift
catalog	onboarding.bubble.awaitingPickleOpen	ko	**도크의 Pickle을 열어** 서 계속 진행해 주세요.	계속하려면 **도크의 Pickle을 열어 주세요.**	전문용어·혼용 표현을 줄이고 사용자의 행동을 명확히 안내	Picky/Companion/Onboarding/OnboardingNarrationPlayer.swift: OnboardingNarrationKey dynamic localization; Picky/Companion/Onboarding/OnboardingFlowController.swift
catalog	onboarding.bubble.awaitingPickleOpen	en	**Open the dock pickle** to keep going.	**Open the dock pickle** to keep going.	전문용어·혼용 표현을 줄이고 사용자의 행동을 명확히 안내	Picky/Companion/Onboarding/OnboardingNarrationPlayer.swift: OnboardingNarrationKey dynamic localization; Picky/Companion/Onboarding/OnboardingFlowController.swift
catalog	onboarding.bubble.delegatingToPickle	ko	'**Hey Pickle** — 이 페이지 요약해서 정리해 줄래요? 표시한 부분 위주로요.'	'**Hey Pickle**, 이 페이지를 요약해서 정리해 줄래요? 표시한 부분 위주로요.'	전문용어·혼용 표현을 줄이고 사용자의 행동을 명확히 안내	Picky/Companion/Onboarding/OnboardingNarrationPlayer.swift: OnboardingNarrationKey dynamic localization; Picky/Companion/Onboarding/OnboardingFlowController.swift
catalog	onboarding.bubble.delegatingToPickle	en	'**Hey Pickle** — can you summarize this page and write it up for me? Focus on the part they marked.'	'**Hey Pickle**, can you summarize this page and write it up for me? Focus on the part they marked.'	전문용어·혼용 표현을 줄이고 사용자의 행동을 명확히 안내	Picky/Companion/Onboarding/OnboardingNarrationPlayer.swift: OnboardingNarrationKey dynamic localization; Picky/Companion/Onboarding/OnboardingFlowController.swift
catalog	onboarding.bubble.explainingDelegation	ko	이런 페이지는 제가 바로 답할 수도 있고, 도크의 **Pickle** 에 작업을 맡길 수도 있어요.	이런 페이지는 제가 바로 답할 수도 있고, 도크의 **Pickle**에 작업을 맡길 수도 있어요.	전문용어·혼용 표현을 줄이고 사용자의 행동을 명확히 안내	Picky/Companion/Onboarding/OnboardingNarrationPlayer.swift: OnboardingNarrationKey dynamic localization; Picky/Companion/Onboarding/OnboardingFlowController.swift
catalog	onboarding.bubble.explainingDelegation	en	For a page like this I can answer inline, or I can hand the work off to a **Pickle** in the dock.	For a page like this I can answer inline, or I can hand the work off to a **Pickle** in the dock.	전문용어·혼용 표현을 줄이고 사용자의 행동을 명확히 안내	Picky/Companion/Onboarding/OnboardingNarrationPlayer.swift: OnboardingNarrationKey dynamic localization; Picky/Companion/Onboarding/OnboardingFlowController.swift
catalog	onboarding.bubble.explainingPickle	ko	Pickle은 도크에서 도는 독립된 **Pi 세션** 이에요 — 긴 작업을 위한 백그라운드 탭 같은 거죠.	Pickle은 도크에서 **독립적으로 작업하는 Pi 대화**예요. 오래 걸리는 일을 맡기고 다른 작업을 계속할 수 있어요.	전문용어·혼용 표현을 줄이고 사용자의 행동을 명확히 안내	Picky/Companion/Onboarding/OnboardingNarrationPlayer.swift: OnboardingNarrationKey dynamic localization; Picky/Companion/Onboarding/OnboardingFlowController.swift
catalog	onboarding.bubble.explainingPickle	en	A Pickle is an independent **Pi session** that runs in your dock — like a background tab for long work.	A Pickle is an **independent Pi conversation** in your dock. Give it a longer task while you keep working.	전문용어·혼용 표현을 줄이고 사용자의 행동을 명확히 안내	Picky/Companion/Onboarding/OnboardingNarrationPlayer.swift: OnboardingNarrationKey dynamic localization; Picky/Companion/Onboarding/OnboardingFlowController.swift
catalog	onboarding.bubble.explainingTriggers	ko	저를 부를 때는 **눌러서 말하기(Control+Option)** 또는 **퀵 인풋(Control 더블탭)을** 쓰면 돼요. **이번 데모는 제가 진행할 테니 편하게 보세요.**	설정한 **눌러서 말하기**나 **빠른 입력** 단축키로 저를 부를 수 있어요. **이번 데모는 제가 진행할 테니 편하게 보세요.**	사용자가 바꿀 수 있는 단축키를 고정값으로 안내하지 않음	Picky/Companion/Onboarding/OnboardingFlowController.swift
catalog	onboarding.bubble.explainingTriggers	en	You can talk to me with **Push-to-Talk (Control+Option)** or **Quick Input (double-tap Control)**. **For this demo I'll drive — just watch.**	Use your configured **Push to Talk** or **Quick Input** shortcut to call me. **For this demo, just watch.**	사용자가 바꿀 수 있는 단축키를 고정값으로 안내하지 않음	Picky/Companion/Onboarding/OnboardingFlowController.swift
catalog	onboarding.bubble.introducing	ko	안녕하세요! 저는 **Picky** 예요. 작업하는 바로 그 자리에서 커서를 따라다니며 도와드릴게요.	안녕하세요! 저는 **Picky**예요. 커서를 따라다니며 지금 하는 일을 도와드릴게요.	전문용어·혼용 표현을 줄이고 사용자의 행동을 명확히 안내	Picky/Companion/Onboarding/OnboardingNarrationPlayer.swift: OnboardingNarrationKey dynamic localization; Picky/Companion/Onboarding/OnboardingFlowController.swift
catalog	onboarding.bubble.introducing	en	Hi! I'm **Picky**. I follow your cursor and help you get things done — right where you're working.	Hi! I'm **Picky**. I follow your cursor and help you where you're working.	전문용어·혼용 표현을 줄이고 사용자의 행동을 명확히 안내	Picky/Companion/Onboarding/OnboardingNarrationPlayer.swift: OnboardingNarrationKey dynamic localization; Picky/Companion/Onboarding/OnboardingFlowController.swift
catalog	onboarding.bubble.inviteArchive	ko	Pickle을 다 썼다면 **길게 누르기** 로 아카이브할 수 있어요.	작업이 끝난 Pickle은 **길게 눌러** 보관할 수 있어요.	전문용어·혼용 표현을 줄이고 사용자의 행동을 명확히 안내	Picky/Companion/Onboarding/OnboardingNarrationPlayer.swift: OnboardingNarrationKey dynamic localization; Picky/Companion/Onboarding/OnboardingFlowController.swift
catalog	onboarding.bubble.inviteArchive	en	When you're done with a Pickle, **long-press** it to archive.	When you're done with a Pickle, **long-press** it to archive.	전문용어·혼용 표현을 줄이고 사용자의 행동을 명확히 안내	Picky/Companion/Onboarding/OnboardingNarrationPlayer.swift: OnboardingNarrationKey dynamic localization; Picky/Companion/Onboarding/OnboardingFlowController.swift
catalog	onboarding.bubble.inviteClose	ko	이제 **도크의 Pickle을 다시 클릭** 해서 닫아주세요.	이제 **도크의 Pickle을 다시 클릭해서** 닫아 주세요.	전문용어·혼용 표현을 줄이고 사용자의 행동을 명확히 안내	Picky/Companion/Onboarding/OnboardingNarrationPlayer.swift: OnboardingNarrationKey dynamic localization; Picky/Companion/Onboarding/OnboardingFlowController.swift
catalog	onboarding.bubble.inviteClose	en	Now **click the pickle in the dock again** to close it.	Now **click the pickle in the dock again** to close it.	전문용어·혼용 표현을 줄이고 사용자의 행동을 명확히 안내	Picky/Companion/Onboarding/OnboardingNarrationPlayer.swift: OnboardingNarrationKey dynamic localization; Picky/Companion/Onboarding/OnboardingFlowController.swift
catalog	onboarding.bubble.openedPickle	ko	Pickle 안에서는 후속 메시지를 보내거나, **터미널 UI로도 전환(⌘T)** 해서 사용할 수 있어요.	Pickle 안에서 메시지를 더 보내거나 **터미널로 전환(⌘T)**해 작업을 이어갈 수 있어요.	전문용어·혼용 표현을 줄이고 사용자의 행동을 명확히 안내	Picky/Companion/Onboarding/OnboardingNarrationPlayer.swift: OnboardingNarrationKey dynamic localization; Picky/Companion/Onboarding/OnboardingFlowController.swift
catalog	onboarding.bubble.openedPickle	en	Inside a Pickle you can send follow-up messages or **switch to the terminal UI (⌘T)** to keep working.	Inside a Pickle, send more messages or **switch to the terminal (⌘T)** to keep working.	전문용어·혼용 표현을 줄이고 사용자의 행동을 명확히 안내	Picky/Companion/Onboarding/OnboardingNarrationPlayer.swift: OnboardingNarrationKey dynamic localization; Picky/Companion/Onboarding/OnboardingFlowController.swift
catalog	onboarding.bubble.openingPatchNotes	ko	**Pi 0.73.1 릴리즈 노트** 를 브라우저에서 열고 있어요…	브라우저에서 **Pi 0.73.1 릴리스 노트**를 열고 있어요…	전문용어·혼용 표현을 줄이고 사용자의 행동을 명확히 안내	Picky/Companion/Onboarding/OnboardingNarrationPlayer.swift: OnboardingNarrationKey dynamic localization; Picky/Companion/Onboarding/OnboardingFlowController.swift
catalog	onboarding.bubble.openingPatchNotes	en	Opening **Pi 0.73.1 release notes** in your browser…	Opening **Pi 0.73.1 release notes** in your browser…	전문용어·혼용 표현을 줄이고 사용자의 행동을 명확히 안내	Picky/Companion/Onboarding/OnboardingNarrationPlayer.swift: OnboardingNarrationKey dynamic localization; Picky/Companion/Onboarding/OnboardingFlowController.swift
catalog	onboarding.bubble.outro	ko	좋아요. Picky 사용법이 궁금하면 언제든 저에게 물어보세요. Picky의 내장 가이드를 바탕으로 알려드릴게요. **눌러서 말하기(Control+Option)** 또는 **퀵 인풋(Control 더블탭)** 으로 저를 불러주세요.	Picky 사용법이 궁금하면 언제든 물어보세요. 내장 가이드를 참고해 알려드릴게요. 설정한 **눌러서 말하기**나 **빠른 입력** 단축키로 저를 불러 주세요.	변경 가능한 단축키의 고정값 제거	Picky/Companion/Onboarding/OnboardingFlowController.swift
catalog	onboarding.bubble.outro	en	Nice. If you’re unsure how to use Picky, just ask me — I can answer from Picky’s built-in guide. Call me anytime with **Push-to-Talk (Control+Option)** or **Quick Input (double-tap Control)**.	Ask me whenever you need help with Picky. I can refer to the built-in guide. Use your **Push to Talk** or **Quick Input** shortcut to call me.	변경 가능한 단축키의 고정값 제거	Picky/Companion/Onboarding/OnboardingFlowController.swift
catalog	onboarding.bubble.pickleCompleted	ko	Pickle이 끝났어요! 도크에서 **Pickle을 클릭** 해서 결과를 확인해 보세요.	Pickle 작업이 끝났어요! 도크에서 **Pickle을 클릭해** 결과를 확인해 보세요.	전문용어·혼용 표현을 줄이고 사용자의 행동을 명확히 안내	Picky/Companion/Onboarding/OnboardingNarrationPlayer.swift: OnboardingNarrationKey dynamic localization; Picky/Companion/Onboarding/OnboardingFlowController.swift
catalog	onboarding.bubble.pickleCompleted	en	Pickle is done! **Click the pickle** in your dock to inspect what it produced.	Pickle is done! **Click the pickle** in your dock to inspect what it produced.	전문용어·혼용 표현을 줄이고 사용자의 행동을 명확히 안내	Picky/Companion/Onboarding/OnboardingNarrationPlayer.swift: OnboardingNarrationKey dynamic localization; Picky/Companion/Onboarding/OnboardingFlowController.swift
catalog	onboarding.bubble.pickleRunning	ko	Pickle이 일하는 동안 **표시해 둔 영역** 이 컨텍스트로 같이 따라가는걸 위 미리보기에서 확인할 수 있어요.	위 미리보기에서 **표시한 영역**이 Pickle에 함께 전달되는 모습을 확인해 보세요.	전문용어·혼용 표현을 줄이고 사용자의 행동을 명확히 안내	Picky/Companion/Onboarding/OnboardingNarrationPlayer.swift: OnboardingNarrationKey dynamic localization; Picky/Companion/Onboarding/OnboardingFlowController.swift
catalog	onboarding.bubble.pickleRunning	en	While the Pickle works, notice how **your highlighted area** gets carried along as context — see the preview above.	The preview above shows how **your highlighted area** is included with the Pickle’s task.	전문용어·혼용 표현을 줄이고 사용자의 행동을 명확히 안내	Picky/Companion/Onboarding/OnboardingNarrationPlayer.swift: OnboardingNarrationKey dynamic localization; Picky/Companion/Onboarding/OnboardingFlowController.swift
catalog	onboarding.bubble.preWelcome	ko	이 온보딩은 **실제 LLM 호출을 하지 않아요**. 편하게 따라와 주세요.	이 사용 안내 데모에서는 **AI 모델을 실제로 호출하지 않아요**. 편하게 따라와 주세요.	전문용어·혼용 표현을 줄이고 사용자의 행동을 명확히 안내	Picky/Companion/Onboarding/OnboardingNarrationPlayer.swift: OnboardingNarrationKey dynamic localization; Picky/Companion/Onboarding/OnboardingFlowController.swift
catalog	onboarding.bubble.preWelcome	en	This onboarding **never makes real LLM calls**. Relax and follow along.	This demo **does not make real AI model calls**. Follow along at your own pace.	전문용어·혼용 표현을 줄이고 사용자의 행동을 명확히 안내	Picky/Companion/Onboarding/OnboardingNarrationPlayer.swift: OnboardingNarrationKey dynamic localization; Picky/Companion/Onboarding/OnboardingFlowController.swift
catalog	onboarding.bubble.showingCapabilities	ko	저는 여러 가지 일을 할 수 있어요. 예를 들면 Pi의 릴리즈 노트를 띄워줄 수 있죠.	저는 여러 가지 일을 할 수 있어요. 예를 들어 Pi의 릴리스 노트를 열어볼게요.	전문용어·혼용 표현을 줄이고 사용자의 행동을 명확히 안내	Picky/Companion/Onboarding/OnboardingNarrationPlayer.swift: OnboardingNarrationKey dynamic localization; Picky/Companion/Onboarding/OnboardingFlowController.swift
catalog	onboarding.bubble.showingCapabilities	en	There is a bunch of things I can do. For example, I can pull up Pi's release notes.	I can help with many tasks. For example, I can open Pi's release notes.	전문용어·혼용 표현을 줄이고 사용자의 행동을 명확히 안내	Picky/Companion/Onboarding/OnboardingNarrationPlayer.swift: OnboardingNarrationKey dynamic localization; Picky/Companion/Onboarding/OnboardingFlowController.swift
catalog	onboarding.highlight.header	ko	이게 컨텍스트로 전송되는 내용이에요	작업과 함께 전달되는 내용이에요	전문용어·혼용 표현을 줄이고 사용자의 행동을 명확히 안내	Picky/Companion/Onboarding/OnboardingHighlightViewerPanelController.swift
catalog	onboarding.highlight.header	en	This is what gets sent as context	This is included with your request	전문용어·혼용 표현을 줄이고 사용자의 행동을 명확히 안내	Picky/Companion/Onboarding/OnboardingHighlightViewerPanelController.swift
catalog	onboarding.skip.button	ko	온보딩 건너뛰기	사용 안내 건너뛰기	전문용어·혼용 표현을 줄이고 사용자의 행동을 명확히 안내	Picky/Companion/Onboarding/OnboardingSkipPanelController.swift
catalog	onboarding.skip.button	en	Skip onboarding	Skip introduction	전문용어·혼용 표현을 줄이고 사용자의 행동을 명확히 안내	Picky/Companion/Onboarding/OnboardingSkipPanelController.swift
localized_source	overlay.activity.thinking	ko	생각 중	생각 중	제목이 아닌 진행 상태	challenger 지적에 따른 실제 View의 상태 분기
localized_source	overlay.activity.thinking	en	생각 중	Thinking…	제목이 아닌 진행 상태	challenger 지적에 따른 실제 View의 상태 분기
localized_source	overlay.annotation.summary	ko	"return ""Screen guidance: \(labelTexts.joined(separator: "", ""))."""	화면 안내: %@	Localize hardcoded user-visible copy.	Picky/Overlay/PickyAgentAnnotationOverlayView.swift
localized_source	overlay.annotation.summary	en	"return ""Screen guidance: \(labelTexts.joined(separator: "", ""))."""	Screen guidance: %@	Localize hardcoded user-visible copy.	Picky/Overlay/PickyAgentAnnotationOverlayView.swift
localized_source	overlay.annotation.visible	ko	Screen guidance is visible.	화면 안내가 표시되어 있어요.	Localize hardcoded user-visible copy.	Picky/Overlay/PickyAgentAnnotationOverlayView.swift
localized_source	overlay.annotation.visible	en	Screen guidance is visible.	Screen guidance is visible.	Localize hardcoded user-visible copy.	Picky/Overlay/PickyAgentAnnotationOverlayView.swift
catalog	overlay.captureBorder.contextLabel	ko	이 화면이 맥락으로 전달됩니다	다음 요청에 이 화면을 포함해요	전송 중이 아닌 포함 예정 상태	Picky/Overlay/PickyCaptureContextPanelController.swift:269
catalog	overlay.captureBorder.contextLabel	en	This screen is being shared as context	Include this screen with the next request	전송 중이 아닌 포함 예정 상태	Picky/Overlay/PickyCaptureContextPanelController.swift:269
catalog	overlay.captureBorder.notIncludedLabel	ko	이 화면은 맥락에 포함되지 않습니다	다음 요청에 이 화면을 포함하지 않아요	포함 제외와 전송 시점을 명확히 안내	Picky/Overlay/PickyCaptureContextPanelController.swift:269
catalog	overlay.captureBorder.notIncludedLabel	en	This screen is not included as context	Do not include this screen with the next request	포함 제외와 전송 시점을 명확히 안내	Picky/Overlay/PickyCaptureContextPanelController.swift:269
localized_source	overlay.question.waiting	ko	질문 대기 중	답변을 기다리고 있어요	Hardcoded UI copy bypassed the selected app language.	Picky/Overlay/PickyMainActivityChipView.swift
localized_source	overlay.question.waiting	en	질문 대기 중	Waiting for your answer	Hardcoded UI copy bypassed the selected app language.	Picky/Overlay/PickyMainActivityChipView.swift
localized_source	overlay.question.waiting.accessibility	ko	Question waiting for an answer	답변을 기다리고 있어요	Hardcoded UI copy bypassed the selected app language.	Picky/Overlay/PickyMainActivityChipView.swift
localized_source	overlay.question.waiting.accessibility	en	Question waiting for an answer	Waiting for your answer	Hardcoded UI copy bypassed the selected app language.	Picky/Overlay/PickyMainActivityChipView.swift
catalog	prereq.copy.contextHandoff	ko	단축키를 누르면 중립적인 데스크톱 컨텍스트를 캡처해서 로컬 에이전트 클라이언트에 전달해요.	음성이나 텍스트로 요청하면 화면과 선택한 텍스트 등 작업에 참고할 정보를 수집해 Pi에 전달해요.	전문용어·혼용 표현을 줄이고 사용자의 행동을 명확히 안내	Picky/CompanionManager.swift: captureTextContext/captureVoiceContext effects; Picky/Context/PickyContextPacketAssembler.swift
catalog	prereq.copy.contextHandoff	en	It captures neutral desktop context when you press the hot key, then hands that context to your local agent client.	When you send a voice or text request, Picky captures desktop context such as your screen and selected text for Pi.	전문용어·혼용 표현을 줄이고 사용자의 행동을 명확히 안내	Picky/CompanionManager.swift: captureTextContext/captureVoiceContext effects; Picky/Context/PickyContextPacketAssembler.swift
catalog	prereq.copy.noAccount	ko	계정도 결제도 필요 없어요 — 로컬에 설치된 Pi를 사용해요.	Picky는 별도 계정 없이 사용할 수 있어요. 선택한 AI·음성 서비스에는 로그인이나 요금이 필요할 수 있어요.	무료 사용 보장과 사용자 Pi 설치 요구를 제거	Picky/PickyAgentDaemonLauncher.swift (bundled runtime); Picky/Companion/CompanionPanelSettingsView.swift (OAuth and paid speech provider configuration)
catalog	prereq.copy.noAccount	en	No account, no payment — Picky uses your local Pi install.	Picky needs no separate account. Your chosen AI or speech services may require sign-in or charge fees.	무료 사용 보장과 사용자 Pi 설치 요구를 제거	Picky/PickyAgentDaemonLauncher.swift (bundled runtime); Picky/Companion/CompanionPanelSettingsView.swift (OAuth and paid speech provider configuration)
catalog	prereq.copy.runsLocally	ko	Picky는 로컬에서 동작해요.	Picky는 이 Mac에서 실행돼요.	로컬 실행과 AI 처리 위치를 구분	Picky/Companion/CompanionPanelPrerequisitesView.swift
catalog	prereq.copy.runsLocally	en	Picky runs locally.	Picky runs on this Mac.	로컬 실행과 AI 처리 위치를 구분	Picky/Companion/CompanionPanelPrerequisitesView.swift
catalog	prereq.heading	ko	사전 요건	필요한 권한	전문용어·혼용 표현을 줄이고 사용자의 행동을 명확히 안내	Picky/Companion/CompanionPanelPrerequisitesView.swift
catalog	prereq.heading	en	PREREQUISITES	Required permissions	전문용어·혼용 표현을 줄이고 사용자의 행동을 명확히 안내	Picky/Companion/CompanionPanelPrerequisitesView.swift
catalog	prereq.screenRecording.detail.granted	ko	단축키를 사용할 때만 스크린샷을 찍어요	요청에 참고할 화면을 캡처해요. 전송 조건은 설정에서 바꿀 수 있어요.	단축키로만 캡처한다는 과도한 제한 표현 제거	Picky/CompanionManager.swift: programmatic ink capture, text/voice capture effects; Picky/Companion/PickyMainAgentSettingsContent.swift: attachScreenshotsOnlyWhenInked
catalog	prereq.screenRecording.detail.granted	en	Only takes a screenshot when you use the hotkey	Captures screen context for your requests. Control when screenshots are sent in Settings.	단축키로만 캡처한다는 과도한 제한 표현 제거	Picky/CompanionManager.swift: programmatic ink capture, text/voice capture effects; Picky/Companion/PickyMainAgentSettingsContent.swift: attachScreenshotsOnlyWhenInked
localized_source	quickInput.placeholder.main	ko	Message Picky…	Picky에게 메시지 보내기…	Hardcoded UI copy bypassed the selected app language.	Picky/Companion/CompanionPanelMessagesView.swift
localized_source	quickInput.placeholder.main	en	Message Picky…	Message Picky…	Hardcoded UI copy bypassed the selected app language.	Picky/Companion/CompanionPanelMessagesView.swift
localized_source	quickInput.placeholder.pickle	ko	Message \(label)…	%@에게 메시지 보내기…	Localize hardcoded user-visible copy.	Picky/QuickInput/QuickInputPanelView.swift
localized_source	quickInput.placeholder.pickle	en	Message \(label)…	Message %@…	Localize hardcoded user-visible copy.	Picky/QuickInput/QuickInputPanelView.swift
localized_source	quickInput.recentConversation	ko	Recent conversation	최근 대화	Hardcoded UI copy bypassed the selected app language.	Picky/QuickInput/QuickInputPanelView.swift
localized_source	quickInput.recentConversation	en	Recent conversation	Recent conversation	Hardcoded UI copy bypassed the selected app language.	Picky/QuickInput/QuickInputPanelView.swift
catalog	settings.builtinTools.tool.readUserGuide.description	ko	에이전트가 Picky 사용법 질문에 답하기 전 내장 매뉴얼을 참조하도록 해요. 끄면 일반 지식으로 답해요.	Picky 사용법에 답할 때 내장 가이드를 참고할 수 있게 해요. 끄면 이 도구로 가이드를 읽을 수 없어요.	도구 허용이 매번 가이드 참조나 일반 지식 답변을 보장하지 않음	Picky/PickyAgentProtocol.swift
catalog	settings.builtinTools.tool.readUserGuide.description	en	Let the agent consult Picky's bundled manual before answering app-usage questions. Disabling makes the agent answer those from general knowledge.	Let the agent consult Picky’s bundled guide for app-usage questions. Turning this off disables this guide-reading tool.	도구 허용이 매번 가이드 참조나 일반 지식 답변을 보장하지 않음	Picky/PickyAgentProtocol.swift
catalog	settings.builtinTools.tool.screenOverlay.description	ko	Picky가 화면의 위치를 가리키거나 도형을 그려 안내해요. 끄면 화면에 아무것도 표시하지 않아요.	Picky가 화면의 위치를 가리키거나 도형을 그려 안내할 수 있게 해요. 끄면 이 시각적 안내를 표시하지 않아요.	전체 화면 UI가 사라진다는 과장 제거	agentd/src/application/main-agent-coordinator.ts: screenOverlayDisabled; agentd/src/application/main-visual-narration-coordinator.ts: disabled guard
catalog	settings.builtinTools.tool.screenOverlay.description	en	Let Picky point at and draw shapes on your screen to guide you. Turning this off stops all on-screen overlays.	Let Picky point at locations and draw shapes on your screen. Turning this off disables these visual guides.	전체 화면 UI가 사라진다는 과장 제거	agentd/src/application/main-agent-coordinator.ts: screenOverlayDisabled; agentd/src/application/main-visual-narration-coordinator.ts: disabled guard
catalog	settings.cursor.disabledNote	ko	Pi 커서가 숨겨져 있는 동안에는 부드러운 따라다니기와 유휴 애니메이션이 비활성화돼요.	Picky 커서를 숨기면 부드러운 커서 추적과 대기 애니메이션도 꺼져요.	전문용어·혼용 표현을 줄이고 사용자의 행동을 명확히 안내	Picky/Companion/CompanionPanelSettingsView.swift
catalog	settings.cursor.disabledNote	en	Smooth follow and idle animations are disabled while the Pi cursor is hidden.	Smooth follow and idle animations are disabled while the Picky cursor is hidden.	전문용어·혼용 표현을 줄이고 사용자의 행동을 명확히 안내	Picky/Companion/CompanionPanelSettingsView.swift
catalog	settings.cursorBubbles.toggle.userSTT	ko	사용자 음성 인식 표시	인식한 내 말 표시	전문용어·혼용 표현을 줄이고 사용자의 행동을 명확히 안내	Picky/Companion/CompanionPanelSettingsView.swift
catalog	settings.cursorBubbles.toggle.userSTT	en	User STT recognition	Recognized speech text	전문용어·혼용 표현을 줄이고 사용자의 행동을 명확히 안내	Picky/Companion/CompanionPanelSettingsView.swift
catalog	settings.dispatch.idle.note	ko	전달 대상으로 지정한 Pickle의 PTT·Quick Input에 적용돼요. 작업 중이 아닌 Pickle은 어느 쪽이든 바로 시작돼요.	전달 대상으로 지정한 Pickle에 눌러서 말하기·빠른 입력으로 보내는 요청에 적용돼요. 작업 중이 아니면 어느 방식이든 바로 시작해요.	전문용어·혼용 표현을 줄이고 사용자의 행동을 명확히 안내	Picky/Companion/PickyMainAgentSettingsContent.swift
catalog	settings.dispatch.idle.note	en	Applies to PTT and Quick Input sent to an armed Pickle. Idle Pickles start immediately with either option.	Applies to PTT and Quick Input sent to an armed Pickle. Idle Pickles start immediately with either option.	전문용어·혼용 표현을 줄이고 사용자의 행동을 명확히 안내	Picky/Companion/PickyMainAgentSettingsContent.swift
catalog	settings.dispatch.steer.detail	ko	현재 턴에 전달해 진행 방향을 조정해요.	작업이 끝나기 전에 요청을 전달해 진행 방향을 조정해요.	전문용어·혼용 표현을 줄이고 사용자의 행동을 명확히 안내	Picky/Companion/PickyDispatchModeChoiceView.swift
catalog	settings.dispatch.steer.detail	en	Send into the current turn to adjust its direction.	Send your request during the current work to adjust its direction.	전문용어·혼용 표현을 줄이고 사용자의 행동을 명확히 안내	Picky/Companion/PickyDispatchModeChoiceView.swift
catalog	settings.field.agentsFile.note	ko	메인 에이전트 작업 폴더의 AGENTS.md를 직접 편집해서 Picky 페르소나와 Pickle 라우팅 규칙을 바꿔요. Pi가 매 턴마다 이 파일을 읽으며, 세션 중에 적용하려면 Picky를 초기화하거나 재시작해주세요.	Picky 작업 폴더의 AGENTS.md에서 말투와 Pickle 작업 배분 지침을 편집해요. 현재 대화에 변경사항을 적용하려면 Picky 대화를 초기화하거나 앱을 재시작해 주세요.	매 턴 읽는다는 설명과 재시작 요구 사이의 모순 제거	Picky/Companion/PickyMainAgentSettingsContent.swift; agentd/src/runtime/pi-sdk-runtime.ts: createServices per handle, resourceLoaderOptions
catalog	settings.field.agentsFile.note	en	Edit Picky's persona and Pickle routing rules directly in the AGENTS.md inside the main agent cwd. Pi loads it on every main-agent turn — reset or relaunch Picky to pick up mid-session changes.	Edit Picky’s persona and Pickle routing instructions in the workspace’s AGENTS.md. Reset the Picky conversation or restart the app to apply changes to the current conversation.	매 턴 읽는다는 설명과 재시작 요구 사이의 모순 제거	Picky/Companion/PickyMainAgentSettingsContent.swift; agentd/src/runtime/pi-sdk-runtime.ts: createServices per handle, resourceLoaderOptions
catalog	settings.field.armedPickleDispatchMode	ko	Armed Pickle 전달 방식	입력 대상 Pickle에 전달하는 방식	전문용어·혼용 표현을 줄이고 사용자의 행동을 명확히 안내	Picky/Companion/PickyMainAgentSettingsContent.swift
catalog	settings.field.armedPickleDispatchMode	en	Armed Pickle delivery	Delivery to the input-target Pickle	전문용어·혼용 표현을 줄이고 사용자의 행동을 명확히 안내	Picky/Companion/PickyMainAgentSettingsContent.swift
catalog	settings.field.armedPickleDispatchMode.note	ko	Armed Pickle로 보내는 PTT와 Quick Input을 follow-up으로 기다리게 할지, steer로 현재 턴에 끼어들게 할지 선택해요. idle 상태의 Pickle은 어느 쪽이든 바로 시작돼요.	전달 대상으로 지정한 Pickle에 음성이나 빠른 입력을 보낼 때, 응답이 끝날 때까지 기다릴지 작업 중에 전달할지 선택해요. 작업 중이 아니면 바로 시작해요.	전문용어·혼용 표현을 줄이고 사용자의 행동을 명확히 안내	Picky/Resources/Localizable.xcstrings (catalog entry; no direct Swift consumer found)
catalog	settings.field.armedPickleDispatchMode.note	en	Choose whether PTT and Quick Input sent to an armed Pickle wait as a follow-up or interrupt the current turn as a steer. Idle Pickles start immediately either way.	For voice and Quick Input requests sent to the input-target Pickle, choose whether to wait for its response to finish or send during its work. Idle Pickles start immediately.	전문용어·혼용 표현을 줄이고 사용자의 행동을 명확히 안내	Picky/Resources/Localizable.xcstrings (catalog entry; no direct Swift consumer found)
catalog	settings.field.attachScreenshotsOnlyWhenInked	ko	그렸을 때만 화면 첨부	자동 화면 전송 제한	직접 포함한 화면은 예외임을 제목의 자동 전송 범위로 한정	Picky/Companion/PickyMainAgentSettingsContent.swift
catalog	settings.field.attachScreenshotsOnlyWhenInked	en	Send screenshots only when drawn	Limit automatic screenshot sharing	직접 포함한 화면은 예외임을 제목의 자동 전송 범위로 한정	Picky/Companion/PickyMainAgentSettingsContent.swift
catalog	settings.field.attachScreenshotsOnlyWhenInked.note	ko	켜면 클릭&드래그로 화면에 표시한 부분이 있을 때만 스크린샷을 모델로 전달해요. 화면 캡처 자체는 잉크 오버레이 때문에 계속 동작하고, 모델로 보내는 단계만 건너뛰어요.	켜면 표시한 화면만 자동으로 보내요. 직접 포함한 화면은 표시하지 않아도 전송돼요. 그리기용 화면 캡처는 Mac에서 계속돼요.	표시가 없어도 직접 포함하면 전송되는 예외 공개	Picky/Companion/PickyMainAgentSettingsContent.swift
catalog	settings.field.attachScreenshotsOnlyWhenInked.note	en	When on, Picky attaches a screenshot only if you marked the screen with click and drag. Screen capture still runs locally for the ink overlay; only the model handoff is skipped.	When on, only marked screens are sent automatically. Screens you explicitly include are sent even without marks. Local capture for drawing continues.	표시가 없어도 직접 포함하면 전송되는 예외 공개	Picky/Companion/PickyMainAgentSettingsContent.swift
catalog	settings.field.defaultCwd	ko	기본 작업 폴더	기본 작업 폴더	전문용어·혼용 표현을 줄이고 사용자의 행동을 명확히 안내	Picky/Companion/CompanionPanelSettingsView.swift
catalog	settings.field.defaultCwd	en	Default cwd	Default working folder	전문용어·혼용 표현을 줄이고 사용자의 행동을 명확히 안내	Picky/Companion/CompanionPanelSettingsView.swift
catalog	settings.field.dockSize.mediumNote	ko	M이 현재 Pickle 도크 크기와 같아요.	M은 기본 도크 크기예요.	현재 선택한 크기와 기본값을 혼동하는 설명 수정	Picky/Companion/CompanionPanelSettingsView.swift; Picky/App/Settings/PickySettings.swift: hudDockSizePreset defaults to .medium
catalog	settings.field.dockSize.mediumNote	en	M matches the current Pickle dock size.	M is the default dock size.	현재 선택한 크기와 기본값을 혼동하는 설명 수정	Picky/Companion/CompanionPanelSettingsView.swift; Picky/App/Settings/PickySettings.swift: hudDockSizePreset defaults to .medium
catalog	settings.field.piModel.helpText	ko	Pi 설정을 따르려면 Automatic을 선택하고, Picky에 고정하려면 모델을 고르세요. 아래의 추론 레벨은 고정 모델과 함께 적용돼요.	Pi 설정을 따르려면 자동을 선택하고, 특정 모델을 사용하려면 목록에서 고르세요. 아래 추론 수준은 선택한 모델과 함께 적용돼요.	전문용어·혼용 표현을 줄이고 사용자의 행동을 명확히 안내	Picky/Companion/PickyMainAgentSettingsContent.swift
catalog	settings.field.piModel.helpText	en	Choose Automatic to follow Pi settings, or pick a model to pin Picky. Reasoning level below is applied with the pinned model.	Choose Automatic to follow Pi settings, or pick a model to pin Picky. Reasoning level below is applied with the pinned model.	전문용어·혼용 표현을 줄이고 사용자의 행동을 명확히 안내	Picky/Companion/PickyMainAgentSettingsContent.swift
catalog	settings.field.pickyCwd	ko	Picky 작업 폴더	Picky 작업 폴더	전문용어·혼용 표현을 줄이고 사용자의 행동을 명확히 안내	Picky/Companion/PickyMainAgentSettingsContent.swift
catalog	settings.field.pickyCwd	en	Picky cwd	Picky working folder	전문용어·혼용 표현을 줄이고 사용자의 행동을 명확히 안내	Picky/Companion/PickyMainAgentSettingsContent.swift
catalog	settings.field.pickyCwd.workspaceWarning	ko	Picky의 기본 작업 폴더에는 Picky가 알아야 하는 지침들이 `AGENTS.md`로 작성되어 있어요. 작업 폴더를 옮길 경우 해당 지침도 함께 옮기시는 것을 권장드려요. Picky가 가진 도구들을 제대로 호출하지 못할 수 있어요.	AGENTS.md에 직접 작성한 지침이 있다면 새 작업 폴더에도 복사해 주세요.	내장 도구 사용 규칙은 별도 런타임 계약으로 전달되므로 AGENTS.md 부재가 도구 실패를 유발한다는 경고 제거	agentd/src/domain/picky-runtime-contract.ts: persistent CLI and visual overlay rules; Picky/Companion/PickyMainAgentSettingsContent.swift: workspace warning
catalog	settings.field.pickyCwd.workspaceWarning	en	Picky's default workspace ships with an `AGENTS.md` describing how Picky should behave and which tools to call. If you change the cwd, we recommend copying `AGENTS.md` over too — otherwise Picky may not invoke its tools correctly.	If you use custom instructions in AGENTS.md, copy the file to your new working folder to keep using them.	내장 도구 사용 규칙은 별도 런타임 계약으로 전달되므로 AGENTS.md 부재가 도구 실패를 유발한다는 경고 제거	agentd/src/domain/picky-runtime-contract.ts: persistent CLI and visual overlay rules; Picky/Companion/PickyMainAgentSettingsContent.swift: workspace warning
catalog	settings.field.reasoningLevel	ko	추론 레벨	추론 수준	전문용어·혼용 표현을 줄이고 사용자의 행동을 명확히 안내	Picky/Companion/PickyMainAgentSettingsContent.swift; Picky/Companion/CompanionPanelSettingsView.swift
catalog	settings.field.reasoningLevel	en	Reasoning level	Reasoning level	전문용어·혼용 표현을 줄이고 사용자의 행동을 명확히 안내	Picky/Companion/PickyMainAgentSettingsContent.swift; Picky/Companion/CompanionPanelSettingsView.swift
catalog	settings.field.reasoningLevel.pickleNote	ko	새로 생성되는 Pickle의 초기 추론 레벨로만 사용돼요. 실행 중인 Pickle은 독립적으로 변경할 수 있어요.	새 Pickle의 초기 추론 수준으로 사용해요. 실행 중인 Pickle은 각각 변경할 수 있어요.	전문용어·혼용 표현을 줄이고 사용자의 행동을 명확히 안내	Picky/Companion/CompanionPanelSettingsView.swift
catalog	settings.field.reasoningLevel.pickleNote	en	Used only as the initial reasoning level for newly-created Pickles. Running Pickles can still cycle it independently.	Used only as the initial reasoning level for newly-created Pickles. Running Pickles can still cycle it independently.	전문용어·혼용 표현을 줄이고 사용자의 행동을 명확히 안내	Picky/Companion/CompanionPanelSettingsView.swift
catalog	settings.field.screenContext	ko	화면 컨텍스트	화면 정보	전문용어·혼용 표현을 줄이고 사용자의 행동을 명확히 안내	Picky/Companion/PickyMainAgentSettingsContent.swift
catalog	settings.field.screenContext	en	Screen context	Screen context	전문용어·혼용 표현을 줄이고 사용자의 행동을 명확히 안내	Picky/Companion/PickyMainAgentSettingsContent.swift
catalog	settings.general.language.note	ko	macOS가 관리하는 영역(앱 메뉴, 시스템 다이얼로그 등)은 다음 실행부터 적용돼요. 그 외 영역은 즉시 변경돼요.	앱 메뉴와 시스템 대화상자 등 일부 macOS 화면은 다음 실행부터 적용돼요. 나머지는 바로 바뀌어요.	전문용어·혼용 표현을 줄이고 사용자의 행동을 명확히 안내	Picky/Companion/CompanionPanelSettingsView.swift
catalog	settings.general.language.note	en	Some macOS-owned surfaces (the app menu, system dialogs) only follow this on the next launch. The rest of Picky retranslates immediately.	Some macOS-owned surfaces (the app menu, system dialogs) only follow this on the next launch. The rest of Picky retranslates immediately.	전문용어·혼용 표현을 줄이고 사용자의 행동을 명확히 안내	Picky/Companion/CompanionPanelSettingsView.swift
catalog	settings.general.subtitle.section	ko	앱 전체 설정이에요. 새 언어 추가는 한 줄 코드 변경과 카탈로그 항목만 추가하면 돼요.	앱 언어와 공통 설정을 변경해요.	사용자에게 불필요한 번역 구현 설명 제거	Picky/Companion/CompanionPanelSettingsView.swift
catalog	settings.general.subtitle.section	en	App-wide preferences. Adding a new language is a one-line code change plus catalog entries.	Change the app language and other app-wide preferences.	사용자에게 불필요한 번역 구현 설명 제거	Picky/Companion/CompanionPanelSettingsView.swift
catalog	settings.mainAgent.summary.capture	ko	켜면 그린 화면만 모델에 보내요. 화면 캡처는 계속돼요.	켜면 표시하거나 직접 포함한 화면을 보낼 수 있어요. 화면 캡처는 계속돼요.	직접 포함 예외 공개	Picky/Companion/PickyMainAgentSettingsContent.swift
catalog	settings.mainAgent.summary.capture	en	When enabled, only drawn-on screenshots are sent. Screen capture continues.	When on, marked or explicitly included screens can be sent. Screen capture continues.	직접 포함 예외 공개	Picky/Companion/PickyMainAgentSettingsContent.swift
catalog	settings.mainAgent.summary.dispatch	ko	PTT·Quick Input에 적용돼요. 작업 중이 아니면 두 방식 모두 바로 시작돼요.	눌러서 말하기·빠른 입력에 적용돼요. 작업 중이 아니면 두 방식 모두 바로 시작해요.	전문용어·혼용 표현을 줄이고 사용자의 행동을 명확히 안내	Picky/Companion/PickyMainAgentSettingsContent.swift
catalog	settings.mainAgent.summary.dispatch	en	Used by PTT and Quick Input. Idle Pickles start immediately in either mode.	Used by PTT and Quick Input. Idle Pickles start immediately in either mode.	전문용어·혼용 표현을 줄이고 사용자의 행동을 명확히 안내	Picky/Companion/PickyMainAgentSettingsContent.swift
catalog	settings.mainAgent.summary.instructions	ko	행동·도구 지침을 편집해요. 현재 세션에는 초기화 또는 재시작 후 반영돼요.	행동·도구 지침을 편집해요. 현재 대화에는 대화 초기화 또는 앱 재시작 후 반영돼요.	전문용어·혼용 표현을 줄이고 사용자의 행동을 명확히 안내	Picky/Companion/PickyMainAgentSettingsContent.swift
catalog	settings.mainAgent.summary.instructions	en	Edit behavior and tool instructions. Reset or restart to apply them to the current session.	Edit behavior and tool instructions. Reset or restart to apply them to the current session.	전문용어·혼용 표현을 줄이고 사용자의 행동을 명확히 안내	Picky/Companion/PickyMainAgentSettingsContent.swift
catalog	settings.mainAgent.summary.model	ko	Pi 기본값을 따르거나 모델과 추론 레벨을 고정해요.	Pi 기본값을 따르거나 모델과 추론 수준을 지정해요.	전문용어·혼용 표현을 줄이고 사용자의 행동을 명확히 안내	Picky/Companion/PickyMainAgentSettingsContent.swift
catalog	settings.mainAgent.summary.model	en	Follow Pi defaults, or pin a model and reasoning level.	Follow Pi defaults, or pin a model and reasoning level.	전문용어·혼용 표현을 줄이고 사용자의 행동을 명확히 안내	Picky/Companion/PickyMainAgentSettingsContent.swift
catalog	settings.mainAgent.warning.workspace	ko	작업 폴더를 옮길 때 AGENTS.md도 함께 옮겨주세요. 지침이 없으면 도구 호출이 실패할 수 있어요.	AGENTS.md의 사용자 지침도 새 작업 폴더에 복사해 주세요.	내장 도구 사용 규칙은 별도 런타임 계약으로 전달되므로 AGENTS.md 부재가 도구 실패를 유발한다는 경고 제거	agentd/src/domain/picky-runtime-contract.ts: persistent CLI and visual overlay rules; Picky/Companion/PickyMainAgentSettingsContent.swift: workspace warning
catalog	settings.mainAgent.warning.workspace	en	Move AGENTS.md with the workspace. Missing instructions can cause tool calls to fail.	Copy any custom AGENTS.md instructions to the new working folder.	내장 도구 사용 규칙은 별도 런타임 계약으로 전달되므로 AGENTS.md 부재가 도구 실패를 유발한다는 경고 제거	agentd/src/domain/picky-runtime-contract.ts: persistent CLI and visual overlay rules; Picky/Companion/PickyMainAgentSettingsContent.swift: workspace warning
catalog	settings.notification.toggle.newPickles.note	ko	새 피클에만 적용돼요. 기존 피클은 현재 완료 알림 설정을 유지해요.	새 Pickle에만 적용돼요. 기존 Pickle의 완료 알림 설정은 바뀌지 않아요.	전문용어·혼용 표현을 줄이고 사용자의 행동을 명확히 안내	Picky/Companion/CompanionPanelSettingsView.swift
catalog	settings.notification.toggle.newPickles.note	en	These defaults affect only new Pickles. Existing Pickles keep their current completion settings.	These defaults affect only new Pickles. Existing Pickles keep their current completion settings.	전문용어·혼용 표현을 줄이고 사용자의 행동을 명확히 안내	Picky/Companion/CompanionPanelSettingsView.swift
catalog	settings.notification.toggle.newPicklesMacOS	ko	새 피클 완료 시 macOS 알림	새 Pickle 완료 시 macOS 알림	전문용어·혼용 표현을 줄이고 사용자의 행동을 명확히 안내	Picky/Companion/CompanionPanelSettingsView.swift
catalog	settings.notification.toggle.newPicklesMacOS	en	Notify in macOS when new Pickles complete	Notify in macOS when new Pickles complete	전문용어·혼용 표현을 줄이고 사용자의 행동을 명확히 안내	Picky/Companion/CompanionPanelSettingsView.swift
catalog	settings.notification.toggle.newPicklesMain	ko	새 피클 완료 시 Main Picky에 보고	새 Pickle 완료 시 Picky에 보고	전문용어·혼용 표현을 줄이고 사용자의 행동을 명확히 안내	Picky/Companion/CompanionPanelSettingsView.swift
catalog	settings.notification.toggle.newPicklesMain	en	Report new Pickles to Main Picky when complete	Report new Pickles to Main Picky when complete	전문용어·혼용 표현을 줄이고 사용자의 행동을 명확히 안내	Picky/Companion/CompanionPanelSettingsView.swift
catalog	settings.oauth.body	ko	아래 버튼으로 브라우저에서 Pi OAuth 로그인을 시작해요. Picky는 자격 증명을 직접 저장하지 않고, Pi의 로컬 auth storage에 기록합니다.	아래 버튼으로 브라우저에서 AI 서비스에 로그인해요. 로그인 정보는 Pi의 로컬 인증 저장소에 저장돼요.	전문용어·혼용 표현을 줄이고 사용자의 행동을 명확히 안내	Picky/Companion/CompanionPanelSettingsView.swift
catalog	settings.oauth.body	en	Use these buttons to start Pi OAuth in your browser. Picky stores nothing itself; credentials are written to Pi's local auth storage.	Use the buttons below to sign in to AI services in your browser. Credentials are saved in Pi’s local authentication storage.	전문용어·혼용 표현을 줄이고 사용자의 행동을 명확히 안내	Picky/Companion/CompanionPanelSettingsView.swift
localized_source	settings.oauth.browserOpenFailed	ko	Could not open the Pi OAuth URL: \(value)	로그인 URL을 열지 못했어요: %@	Localize hardcoded user-visible copy.	Picky/App/PickyPiOAuthLoginController.swift
localized_source	settings.oauth.browserOpenFailed	en	Could not open the Pi OAuth URL: \(value)	Could not open the sign-in URL: %@	Localize hardcoded user-visible copy.	Picky/App/PickyPiOAuthLoginController.swift
localized_source	settings.oauth.browserUnavailable	ko	This Pi provider does not offer browser-based OAuth login.	이 제공업체는 브라우저 로그인을 지원하지 않아요.	Localize hardcoded user-visible copy.	Picky/App/PickyPiOAuthLoginController.swift
localized_source	settings.oauth.browserUnavailable	en	This Pi provider does not offer browser-based OAuth login.	This provider does not support browser sign-in.	Localize hardcoded user-visible copy.	Picky/App/PickyPiOAuthLoginController.swift
localized_source	settings.oauth.disconnected	ko	picky-agentd disconnected during Pi OAuth.	로그인 중 로컬 서비스 연결이 끊겼어요. 다시 로그인해 주세요.	Localize hardcoded user-visible copy.	Picky/App/PickyPiOAuthLoginController.swift
localized_source	settings.oauth.disconnected	en	picky-agentd disconnected during Pi OAuth.	The local service disconnected during sign-in. Try signing in again.	Localize hardcoded user-visible copy.	Picky/App/PickyPiOAuthLoginController.swift
catalog	settings.oauth.fallback	ko	브라우저 콜백이 완료되지 않으면 `pi /login`을 실행한 뒤 같은 provider를 선택해 Pi의 수동 fallback을 사용하세요.	브라우저에서 로그인이 완료되지 않으면 `pi /login`을 실행하고 같은 서비스를 선택해 수동으로 로그인해 주세요.	전문용어·혼용 표현을 줄이고 사용자의 행동을 명확히 안내	Picky/Companion/CompanionPanelSettingsView.swift
catalog	settings.oauth.fallback	en	If the browser callback does not complete, run `pi /login` and choose the same provider for Pi's manual fallback.	If browser sign-in does not complete, run `pi /login` and choose the same provider to sign in manually.	전문용어·혼용 표현을 줄이고 사용자의 행동을 명확히 안내	Picky/Companion/CompanionPanelSettingsView.swift
localized_source	settings.oauth.invalidURL	ko	Pi OAuth returned an invalid URL: \(value)	제공업체가 올바르지 않은 로그인 URL을 반환했어요: %@	Localize hardcoded user-visible copy.	Picky/App/PickyPiOAuthLoginController.swift
localized_source	settings.oauth.invalidURL	en	Pi OAuth returned an invalid URL: \(value)	The provider returned an invalid sign-in URL: %@	Localize hardcoded user-visible copy.	Picky/App/PickyPiOAuthLoginController.swift
catalog	settings.oauth.provider.anthropic.subtitle	ko	Anthropic 모델용 Claude Pro/Max OAuth provider.	Claude Pro/Max 구독으로 Anthropic 모델을 사용해요.	전문용어·혼용 표현을 줄이고 사용자의 행동을 명확히 안내	Picky/App/PickyPiOAuthLoginController.swift
catalog	settings.oauth.provider.anthropic.subtitle	en	Claude Pro/Max OAuth provider for Anthropic models.	Use Anthropic models with a Claude Pro/Max subscription.	전문용어·혼용 표현을 줄이고 사용자의 행동을 명확히 안내	Picky/App/PickyPiOAuthLoginController.swift
catalog	settings.oauth.provider.openai.subtitle	ko	ChatGPT Plus/Pro Codex 구독 provider.	ChatGPT Plus/Pro 구독으로 Codex를 사용해요.	전문용어·혼용 표현을 줄이고 사용자의 행동을 명확히 안내	Picky/App/PickyPiOAuthLoginController.swift
catalog	settings.oauth.provider.openai.subtitle	en	ChatGPT Plus/Pro Codex subscription provider.	Use Codex with a ChatGPT Plus/Pro subscription.	전문용어·혼용 표현을 줄이고 사용자의 행동을 명확히 안내	Picky/App/PickyPiOAuthLoginController.swift
catalog	settings.oauth.status.signingIn	ko	브라우저 대기 중…	브라우저에서 로그인하는 중…	전문용어·혼용 표현을 줄이고 사용자의 행동을 명확히 안내	Picky/Companion/CompanionPanelSettingsView.swift
catalog	settings.oauth.status.signingIn	en	Waiting for browser…	Waiting for browser sign-in…	전문용어·혼용 표현을 줄이고 사용자의 행동을 명확히 안내	Picky/Companion/CompanionPanelSettingsView.swift
catalog	settings.oauth.status.stored	ko	Pi auth	Pi에 로그인 정보 저장됨	전문용어·혼용 표현을 줄이고 사용자의 행동을 명확히 안내	Picky/Companion/CompanionPanelSettingsView.swift
catalog	settings.oauth.status.stored	en	Pi auth	Credentials saved in Pi	전문용어·혼용 표현을 줄이고 사용자의 행동을 명확히 안내	Picky/Companion/CompanionPanelSettingsView.swift
catalog	settings.oauth.subtitle.index	ko	Pi OAuth provider에 로그인합니다.	AI 서비스 계정에 로그인해요.	전문용어·혼용 표현을 줄이고 사용자의 행동을 명확히 안내	Picky/Companion/CompanionPanelSettingsModel.swift
catalog	settings.oauth.subtitle.index	en	Sign in to Pi OAuth providers.	Sign in to AI service accounts.	전문용어·혼용 표현을 줄이고 사용자의 행동을 명확히 안내	Picky/Companion/CompanionPanelSettingsModel.swift
catalog	settings.oauth.subtitle.section	ko	Pi와 Picky 기능에서 사용하는 provider 계정을 연결합니다.	Pi와 Picky에서 사용할 AI 서비스 계정을 연결해요.	전문용어·혼용 표현을 줄이고 사용자의 행동을 명확히 안내	Picky/Companion/CompanionPanelSettingsView.swift
catalog	settings.oauth.subtitle.section	en	Connect provider accounts used by Pi and Picky features.	Connect AI service accounts for Pi and Picky.	전문용어·혼용 표현을 줄이고 사용자의 행동을 명확히 안내	Picky/Companion/CompanionPanelSettingsView.swift
catalog	settings.oauth.summary.none	ko	연결된 provider 없음	연결된 계정 없음	전문용어·혼용 표현을 줄이고 사용자의 행동을 명확히 안내	Picky/App/PickyPiOAuthLoginController.swift
catalog	settings.oauth.summary.none	en	No providers configured	No accounts connected	전문용어·혼용 표현을 줄이고 사용자의 행동을 명확히 안내	Picky/App/PickyPiOAuthLoginController.swift
localized_source	settings.oauth.timedOut	ko	Timed out waiting for picky-agentd OAuth response.	로그인 응답 시간이 초과됐어요. 다시 로그인해 주세요.	Localize hardcoded user-visible copy.	Picky/App/PickyPiOAuthLoginController.swift
localized_source	settings.oauth.timedOut	en	Timed out waiting for picky-agentd OAuth response.	Sign-in timed out. Try signing in again.	Localize hardcoded user-visible copy.	Picky/App/PickyPiOAuthLoginController.swift
catalog	settings.oauth.title	ko	OAuth	계정 연결	전문용어·혼용 표현을 줄이고 사용자의 행동을 명확히 안내	Picky/Companion/CompanionPanelSettingsView.swift; Picky/Companion/CompanionPanelSettingsModel.swift
catalog	settings.oauth.title	en	OAuth	Connected accounts	전문용어·혼용 표현을 줄이고 사용자의 행동을 명확히 안내	Picky/Companion/CompanionPanelSettingsView.swift; Picky/Companion/CompanionPanelSettingsModel.swift
localized_source	settings.onboarding.saveFailed	ko	Unable to save the onboarding preference.	시작 안내 설정을 저장하지 못했어요.	Localize hardcoded user-visible copy.	Picky/Hub/Pages/PickyHubSettingsPage.swift
localized_source	settings.onboarding.saveFailed	en	Unable to save the onboarding preference.	Could not save the onboarding setting.	Localize hardcoded user-visible copy.	Picky/Hub/Pages/PickyHubSettingsPage.swift
catalog	settings.overlayAndNotifications.subgroup.bubbles	ko	버블	말풍선	전문용어·혼용 표현을 줄이고 사용자의 행동을 명확히 안내	Picky/Companion/CompanionPanelSettingsView.swift
catalog	settings.overlayAndNotifications.subgroup.bubbles	en	Bubbles	Bubbles	전문용어·혼용 표현을 줄이고 사용자의 행동을 명확히 안내	Picky/Companion/CompanionPanelSettingsView.swift
catalog	settings.pickle.archive.toggle	ko	보관된 세션	보관된 Pickle	전문용어·혼용 표현을 줄이고 사용자의 행동을 명확히 안내	Picky/Companion/CompanionPanelSettingsView.swift
catalog	settings.pickle.archive.toggle	en	Archived sessions	Archived Pickles	전문용어·혼용 표현을 줄이고 사용자의 행동을 명확히 안내	Picky/Companion/CompanionPanelSettingsView.swift
catalog	settings.pickle.gitChipActions.title	ko	Git 칩 액션	Git 정보 클릭 동작	전문용어·혼용 표현을 줄이고 사용자의 행동을 명확히 안내	Picky/Companion/CompanionPanelSettingsView.swift
catalog	settings.pickle.gitChipActions.title	en	Git chip actions	Git click actions	전문용어·혼용 표현을 줄이고 사용자의 행동을 명확히 안내	Picky/Companion/CompanionPanelSettingsView.swift
catalog	settings.section.builtinTools.note	ko	변경 즉시 메인 에이전트에 적용되며, 진행 중이던 turn은 중단돼요. 항목을 끄면 에이전트가 해당 기능을 사용할 수 없어요.	변경사항은 Picky에 적용돼요. 도구에 따라 현재 응답이 중단되거나 다음 요청부터 적용돼요.	모든 도구 변경이 즉시 응답을 중단한다는 잘못된 보장 제거	agentd/src/application/main-agent-coordinator.ts: setDisabledBuiltinTools skips teardown for prompt-only changes, recreates handle only when custom tools change
catalog	settings.section.builtinTools.note	en	Changes apply to the main agent immediately and interrupt any in-progress turn. Turning one off stops the agent from using that capability.	Changes apply to Picky. Some tool changes interrupt the current response; others take effect on the next request.	모든 도구 변경이 즉시 응답을 중단한다는 잘못된 보장 제거	agentd/src/application/main-agent-coordinator.ts: setDisabledBuiltinTools skips teardown for prompt-only changes, recreates handle only when custom tools change
catalog	settings.section.cursorBubbles.subtitle	ko	Pi 커서 가시성, 작은 애니메이션, 말풍선.	Picky 커서, 애니메이션, 말풍선을 설정해요.	전문용어·혼용 표현을 줄이고 사용자의 행동을 명확히 안내	Picky/Resources/Localizable.xcstrings (catalog entry; no direct Swift consumer found)
catalog	settings.section.cursorBubbles.subtitle	en	Pi cursor visibility, small animations, and speech bubbles.	Configure the Picky cursor, animations, and speech bubbles.	전문용어·혼용 표현을 줄이고 사용자의 행동을 명확히 안내	Picky/Resources/Localizable.xcstrings (catalog entry; no direct Swift consumer found)
catalog	settings.section.cursorBubbles.title	ko	커서 & 말풍선	커서와 말풍선	전문용어·혼용 표현을 줄이고 사용자의 행동을 명확히 안내	Picky/Resources/Localizable.xcstrings (catalog entry; no direct Swift consumer found)
catalog	settings.section.cursorBubbles.title	en	Cursor & Bubbles	Cursor & Bubbles	전문용어·혼용 표현을 줄이고 사용자의 행동을 명확히 안내	Picky/Resources/Localizable.xcstrings (catalog entry; no direct Swift consumer found)
catalog	settings.section.feedback.subtitle	ko	버그·아이디어·하고 싶은 말 무엇이든.	문제나 아이디어를 개발자에게 보내 주세요.	전문용어·혼용 표현을 줄이고 사용자의 행동을 명확히 안내	Picky/Companion/CompanionPanelStatusView.swift
catalog	settings.section.feedback.subtitle	en	Bug, idea, or anything to the dev.	Send problems or ideas to the developer.	전문용어·혼용 표현을 줄이고 사용자의 행동을 명확히 안내	Picky/Companion/CompanionPanelStatusView.swift
catalog	settings.section.notification.subtitle	ko	세션 이벤트에 대한 배너 알림.	작업 완료·실패·입력 요청을 알려줘요.	전문용어·혼용 표현을 줄이고 사용자의 행동을 명확히 안내	Picky/Resources/Localizable.xcstrings (catalog entry; no direct Swift consumer found)
catalog	settings.section.notification.subtitle	en	Banners for session events.	Banners for completion, failures, and input requests.	전문용어·혼용 표현을 줄이고 사용자의 행동을 명확히 안내	Picky/Resources/Localizable.xcstrings (catalog entry; no direct Swift consumer found)
catalog	settings.section.onboarding.body	ko	Picky를 다음에 실행하면 데모를 다시 보여줘요. 실제 LLM 호출은 없어요.	Picky를 다음에 실행하면 사용 안내 데모를 다시 보여줘요. AI 모델을 실제로 호출하지 않아요.	전문용어·혼용 표현을 줄이고 사용자의 행동을 명확히 안내	Picky/Companion/CompanionPanelSettingsView.swift
catalog	settings.section.onboarding.body	en	Picky will replay the takeover demo the next time it launches, with no real LLM calls.	Picky will replay the introduction the next time it launches, without making real AI model calls.	전문용어·혼용 표현을 줄이고 사용자의 행동을 명확히 안내	Picky/Companion/CompanionPanelSettingsView.swift
catalog	settings.section.onboarding.replay	ko	다음 실행 시 온보딩 다시 재생	다음 실행 시 사용 안내 다시 보기	전문용어·혼용 표현을 줄이고 사용자의 행동을 명확히 안내	Picky/Companion/CompanionPanelSettingsView.swift
catalog	settings.section.onboarding.replay	en	Replay onboarding on next launch	Replay introduction on next launch	전문용어·혼용 표현을 줄이고 사용자의 행동을 명확히 안내	Picky/Companion/CompanionPanelSettingsView.swift
catalog	settings.section.onboarding.subtitle	ko	인터랙티브 인트로 데모를 다시 재생해요.	기능을 직접 체험하는 사용 안내를 다시 봐요.	전문용어·혼용 표현을 줄이고 사용자의 행동을 명확히 안내	Picky/Companion/CompanionPanelSettingsView.swift; Picky/Companion/CompanionPanelSettingsModel.swift
catalog	settings.section.onboarding.subtitle	en	Replay the interactive intro demo.	Replay the interactive introduction.	전문용어·혼용 표현을 줄이고 사용자의 행동을 명확히 안내	Picky/Companion/CompanionPanelSettingsView.swift; Picky/Companion/CompanionPanelSettingsModel.swift
catalog	settings.section.onboarding.title	ko	온보딩	사용 안내	전문용어·혼용 표현을 줄이고 사용자의 행동을 명확히 안내	Picky/Companion/CompanionPanelSettingsView.swift; Picky/Companion/CompanionPanelSettingsModel.swift
catalog	settings.section.onboarding.title	en	Onboarding	Introduction	전문용어·혼용 표현을 줄이고 사용자의 행동을 명확히 안내	Picky/Companion/CompanionPanelSettingsView.swift; Picky/Companion/CompanionPanelSettingsModel.swift
catalog	settings.section.overlayAndNotifications.subtitle	ko	커서, 음성 버블, macOS 배너 알림.	커서, 말풍선, macOS 배너 알림을 설정해요.	전문용어·혼용 표현을 줄이고 사용자의 행동을 명확히 안내	Picky/Companion/CompanionPanelSettingsView.swift; Picky/Companion/CompanionPanelSettingsModel.swift
catalog	settings.section.overlayAndNotifications.subtitle	en	Cursor, speech bubbles, and macOS banners.	Cursor, speech bubbles, and macOS banners.	전문용어·혼용 표현을 줄이고 사용자의 행동을 명확히 안내	Picky/Companion/CompanionPanelSettingsView.swift; Picky/Companion/CompanionPanelSettingsModel.swift
catalog	settings.section.picky.subtitle	ko	런타임, 작업 폴더, 추론, 캡처 컨텍스트.	작업 폴더, 모델과 추론, 화면 전송을 설정해요.	전문용어·혼용 표현을 줄이고 사용자의 행동을 명확히 안내	Picky/Companion/CompanionPanelSettingsView.swift; Picky/Companion/CompanionPanelSettingsModel.swift
catalog	settings.section.picky.subtitle	en	Runtime, cwd, reasoning, and captured screen context.	Configure the working folder, model and reasoning, and screen sharing.	전문용어·혼용 표현을 줄이고 사용자의 행동을 명확히 안내	Picky/Companion/CompanionPanelSettingsView.swift; Picky/Companion/CompanionPanelSettingsModel.swift
catalog	settings.section.shortcuts.subtitle	ko	눌러서 말하기와 퀵 인풋 단축키 바인딩.	눌러서 말하기와 빠른 입력 단축키를 설정해요.	전문용어·혼용 표현을 줄이고 사용자의 행동을 명확히 안내	Picky/Companion/CompanionPanelSettingsView.swift; Picky/Companion/CompanionPanelSettingsModel.swift
catalog	settings.section.shortcuts.subtitle	en	Push to Talk and Quick Input bindings.	Push to Talk and Quick Input bindings.	전문용어·혼용 표현을 줄이고 사용자의 행동을 명확히 안내	Picky/Companion/CompanionPanelSettingsView.swift; Picky/Companion/CompanionPanelSettingsModel.swift
catalog	settings.section.voice.title	ko	음성 (STT & TTS)	음성 인식·읽어주기	전문용어·혼용 표현을 줄이고 사용자의 행동을 명확히 안내	Picky/Companion/CompanionPanelSettingsView.swift; Picky/Companion/CompanionPanelSettingsModel.swift
catalog	settings.section.voice.title	en	Voice (STT & TTS)	Speech input and playback	전문용어·혼용 표현을 줄이고 사용자의 행동을 명확히 안내	Picky/Companion/CompanionPanelSettingsView.swift; Picky/Companion/CompanionPanelSettingsModel.swift
localized_source	settings.shortcut.conflict	ko	That shortcut conflicts with another action.	다른 동작에서 사용하는 단축키예요. 다른 단축키를 입력해 주세요.	Hardcoded UI copy bypassed the selected app language.	Picky/App/Settings/PickySettingsViewModel.swift
localized_source	settings.shortcut.conflict	en	That shortcut conflicts with another action.	This shortcut is used by another action. Choose another shortcut.	Hardcoded UI copy bypassed the selected app language.	Picky/App/Settings/PickySettingsViewModel.swift
localized_source	settings.shortcut.invalid	ko	That shortcut combination isn’t valid.	지원하지 않는 단축키 조합이에요. 다른 단축키를 입력해 주세요.	Hardcoded UI copy bypassed the selected app language.	Picky/App/Settings/PickySettingsViewModel.swift
localized_source	settings.shortcut.invalid	en	That shortcut combination isn’t valid.	This shortcut combination isn’t supported. Choose another shortcut.	Hardcoded UI copy bypassed the selected app language.	Picky/App/Settings/PickySettingsViewModel.swift
catalog	settings.shortcuts.pushToTalk.subtitle	ko	누르고 있으면 음성 세션이 시작되고, 떼면 전송돼요.	누른 채로 말하고, 손을 떼면 전송돼요.	전문용어·혼용 표현을 줄이고 사용자의 행동을 명확히 안내	Picky/Companion/CompanionPanelSettingsView.swift
catalog	settings.shortcuts.pushToTalk.subtitle	en	Hold to start a voice session. Release to send.	Hold to speak. Release to send.	전문용어·혼용 표현을 줄이고 사용자의 행동을 명확히 안내	Picky/Companion/CompanionPanelSettingsView.swift
catalog	settings.shortcuts.quickInput.title	ko	퀵 인풋	빠른 입력	전문용어·혼용 표현을 줄이고 사용자의 행동을 명확히 안내	Picky/Companion/CompanionPanelSettingsView.swift
catalog	settings.shortcuts.quickInput.title	en	Quick Input	Quick Input	전문용어·혼용 표현을 줄이고 사용자의 행동을 명확히 안내	Picky/Companion/CompanionPanelSettingsView.swift
catalog	settings.summary.cursorBubbles	ko	%@ · 버블 %lld / %lld개	%@ · 말풍선 %lld / %lld개	전문용어·혼용 표현을 줄이고 사용자의 행동을 명확히 안내	Picky/Resources/Localizable.xcstrings (catalog entry; no direct Swift consumer found)
catalog	settings.summary.cursorBubbles	en	%@ · %lld / %lld bubbles	%@ · %lld / %lld bubbles	전문용어·혼용 표현을 줄이고 사용자의 행동을 명확히 안내	Picky/Resources/Localizable.xcstrings (catalog entry; no direct Swift consumer found)
catalog	settings.summary.pickle	ko	%@ · 독 %@	%@ · 도크 %@	전문용어·혼용 표현을 줄이고 사용자의 행동을 명확히 안내	Picky/Companion/CompanionPanelSettingsView.swift
catalog	settings.summary.pickle	en	%@ · Dock %@	%@ · Dock %@	전문용어·혼용 표현을 줄이고 사용자의 행동을 명확히 안내	Picky/Companion/CompanionPanelSettingsView.swift
catalog	settings.summary.shortcuts	ko	PTT %@ · 퀵 입력 %@ · 열기 %@	음성 %@ · 빠른 입력 %@ · 열기 %@	전문용어·혼용 표현을 줄이고 사용자의 행동을 명확히 안내	Picky/Companion/CompanionPanelSettingsView.swift
catalog	settings.summary.shortcuts	en	PTT %@ · Quick Input %@ · Focus %@	PTT %@ · Quick Input %@ · Focus %@	전문용어·혼용 표현을 줄이고 사용자의 행동을 명확히 안내	Picky/Companion/CompanionPanelSettingsView.swift
catalog	settings.tts.disabledNote	ko	이 옵션을 끌 수 있으며, Picky의 텍스트 응답은 소리 없이 그대로 표시돼요.	끄면 응답을 소리 내어 읽지 않아요. 텍스트 표시는 응답 텍스트 설정을 따라요.	TTS를 끄면 텍스트가 항상 보인다는 보장 제거	Picky/Companion/CompanionPanelSettingsView.swift: ttsEnabled and pickyReply toggles
catalog	settings.tts.disabledNote	en	Turn this off to keep Picky text replies visible without playing audio.	Turn this off to stop spoken replies. Text visibility follows your reply-text setting.	TTS를 끄면 텍스트가 항상 보인다는 보장 제거	Picky/Companion/CompanionPanelSettingsView.swift: ttsEnabled and pickyReply toggles
localized_source	settings.validation.mainFolder	ko	Picky cwd does not exist or is not a directory: \(path)	Picky 작업 폴더가 없거나 폴더가 아닌 경로예요: %@	Localize hardcoded user-visible copy.	Picky/App/Settings/PickySettings.swift
localized_source	settings.validation.mainFolder	en	Picky cwd does not exist or is not a directory: \(path)	Picky’s working folder does not exist or is not a folder: %@	Localize hardcoded user-visible copy.	Picky/App/Settings/PickySettings.swift
localized_source	settings.validation.piExecutable	ko	Pi binary path is not executable: \(path)	Pi 실행 파일을 실행할 수 없어요: %@	Localize hardcoded user-visible copy.	Picky/App/Settings/PickySettings.swift
localized_source	settings.validation.piExecutable	en	Pi binary path is not executable: \(path)	The Pi executable cannot be run: %@	Localize hardcoded user-visible copy.	Picky/App/Settings/PickySettings.swift
localized_source	settings.validation.piFolder	ko	PI_CODING_AGENT_DIR does not exist or is not a directory: \(path)	PI_CODING_AGENT_DIR 경로가 없거나 폴더가 아니에요: %@	Localize hardcoded user-visible copy.	Picky/App/Settings/PickySettings.swift
localized_source	settings.validation.piFolder	en	PI_CODING_AGENT_DIR does not exist or is not a directory: \(path)	PI_CODING_AGENT_DIR does not exist or is not a folder: %@	Localize hardcoded user-visible copy.	Picky/App/Settings/PickySettings.swift
localized_source	settings.validation.pickleFolder	ko	Pickle default cwd does not exist or is not a directory: \(path)	Pickle 기본 작업 폴더가 없거나 폴더가 아닌 경로예요: %@	Localize hardcoded user-visible copy.	Picky/App/Settings/PickySettings.swift
localized_source	settings.validation.pickleFolder	en	Pickle default cwd does not exist or is not a directory: \(path)	Pickle’s default working folder does not exist or is not a folder: %@	Localize hardcoded user-visible copy.	Picky/App/Settings/PickySettings.swift
localized_source	settings.validation.worktreeFolder	ko	Worktree parent does not exist or is not a directory: \(path)	Worktree 상위 폴더가 없거나 폴더가 아닌 경로예요: %@	Localize hardcoded user-visible copy.	Picky/App/Settings/PickySettings.swift
localized_source	settings.validation.worktreeFolder	en	Worktree parent does not exist or is not a directory: \(path)	The worktree parent folder does not exist or is not a folder: %@	Localize hardcoded user-visible copy.	Picky/App/Settings/PickySettings.swift
catalog	settings.voice.azure.tts.apiKey.placeholder	ko	비워두면 STT API 키를 재사용합니다	비워두면 STT API 키를 재사용해요	전문용어·혼용 표현을 줄이고 사용자의 행동을 명확히 안내	Picky/Companion/CompanionPanelSettingsView.swift
catalog	settings.voice.azure.tts.apiKey.placeholder	en	Leave empty to reuse the STT API key	Leave empty to reuse the STT API key	전문용어·혼용 표현을 줄이고 사용자의 행동을 명확히 안내	Picky/Companion/CompanionPanelSettingsView.swift
catalog	settings.voice.azure.tts.url	ko	Azure TTS speech URL	Azure TTS 음성 생성 URL	전문용어·혼용 표현을 줄이고 사용자의 행동을 명확히 안내	Picky/Companion/CompanionPanelSettingsView.swift
catalog	settings.voice.azure.tts.url	en	Azure TTS speech URL	Azure TTS speech URL	전문용어·혼용 표현을 줄이고 사용자의 행동을 명확히 안내	Picky/Companion/CompanionPanelSettingsView.swift
catalog	settings.voice.edge.disclosure	ko	음성 응답 텍스트가 Microsoft Edge Read Aloud로 전송됩니다. 비공식 온라인 서비스이므로 변경되거나 사용할 수 없게 될 수 있습니다.	읽어줄 응답 텍스트를 Microsoft Edge Read Aloud로 보내요. 비공식 온라인 서비스라서 변경되거나 중단될 수 있어요.	전문용어·혼용 표현을 줄이고 사용자의 행동을 명확히 안내	Picky/Companion/CompanionPanelSettingsView.swift
catalog	settings.voice.edge.disclosure	en	Spoken response text is sent to Microsoft Edge Read Aloud. This unofficial online service may change or become unavailable.	Spoken response text is sent to Microsoft Edge Read Aloud. This unofficial online service may change or become unavailable.	전문용어·혼용 표현을 줄이고 사용자의 행동을 명확히 안내	Picky/Companion/CompanionPanelSettingsView.swift
catalog	settings.voice.elevenlabs.tts.outputFormat	ko	ElevenLabs TTS 출력 포맷	ElevenLabs TTS 출력 형식	전문용어·혼용 표현을 줄이고 사용자의 행동을 명확히 안내	Picky/Companion/CompanionPanelSettingsView.swift
catalog	settings.voice.elevenlabs.tts.outputFormat	en	ElevenLabs TTS output format	ElevenLabs TTS output format	전문용어·혼용 표현을 줄이고 사용자의 행동을 명확히 안내	Picky/Companion/CompanionPanelSettingsView.swift
catalog	settings.voice.elevenlabs.tts.voiceId	ko	ElevenLabs TTS 보이스 ID	ElevenLabs TTS 음성 ID	전문용어·혼용 표현을 줄이고 사용자의 행동을 명확히 안내	Picky/Companion/CompanionPanelSettingsView.swift
catalog	settings.voice.elevenlabs.tts.voiceId	en	ElevenLabs TTS voice ID	ElevenLabs TTS voice ID	전문용어·혼용 표현을 줄이고 사용자의 행동을 명확히 안내	Picky/Companion/CompanionPanelSettingsView.swift
catalog	settings.voice.openaiBaseUrlNote	ko	OpenAI 호환 base URL을 사용하면 로컬 프록시(LocalAI, openai-edge-tts, Together 등)로 Picky를 연결할 수 있어요. Picky는 표준 /v1/audio/transcriptions 프로토콜을 사용하며, 프록시 안정성은 사용자가 책임져야 해요.	OpenAI 호환 서비스나 프록시 주소를 입력할 수 있어요. 음성 인식은 /v1/audio/transcriptions API를 사용해요. 연결할 서비스가 이 API를 지원하는지 확인해 주세요.	온라인 서비스까지 로컬 프록시라 부르는 오류와 사용자 탓으로 돌리는 표현 제거	Picky/Companion/CompanionPanelSettingsView.swift: STT-only note; Picky/Companion/OpenAI/OpenAITranscriptionProvider.swift: audio/transcriptions
catalog	settings.voice.openaiBaseUrlNote	en	OpenAI-compatible base URLs let you point Picky at a local proxy (LocalAI, openai-edge-tts, Together, etc). Picky speaks the standard /v1/audio/transcriptions protocol — proxy stability is your responsibility.	Enter the base URL of an OpenAI-compatible service or proxy. Speech recognition uses /v1/audio/transcriptions. Check that the service supports this API.	온라인 서비스까지 로컬 프록시라 부르는 오류와 사용자 탓으로 돌리는 표현 제거	Picky/Companion/CompanionPanelSettingsView.swift: STT-only note; Picky/Companion/OpenAI/OpenAITranscriptionProvider.swift: audio/transcriptions
catalog	settings.voice.provider.stt	ko	STT 제공자	음성 인식 서비스	전문용어·혼용 표현을 줄이고 사용자의 행동을 명확히 안내	Picky/Companion/CompanionPanelSettingsView.swift
catalog	settings.voice.provider.stt	en	STT provider	Speech recognition service	전문용어·혼용 표현을 줄이고 사용자의 행동을 명확히 안내	Picky/Companion/CompanionPanelSettingsView.swift
catalog	settings.voice.provider.tts	ko	TTS 제공자	음성 생성 서비스	전문용어·혼용 표현을 줄이고 사용자의 행동을 명확히 안내	Picky/Companion/CompanionPanelSettingsView.swift
catalog	settings.voice.provider.tts	en	TTS provider	Speech playback service	전문용어·혼용 표현을 줄이고 사용자의 행동을 명확히 안내	Picky/Companion/CompanionPanelSettingsView.swift
localized_source	shellCommand.conflict.body	ko	A non-Picky file already exists at \(path.path). Picky will not overwrite it; please remove or rename it manually if you want to install the picky CLI here.	%@에 Picky가 관리하지 않는 파일이 있어 덮어쓰지 않아요. 여기에 설치하려면 기존 파일을 옮기거나 이름을 바꿔 주세요.	Localize hardcoded user-visible copy.	Picky/App/ShellCommandMenuController.swift
localized_source	shellCommand.conflict.body	en	A non-Picky file already exists at \(path.path). Picky will not overwrite it; please remove or rename it manually if you want to install the picky CLI here.	A file not managed by Picky already exists at %@. Picky will not overwrite it. To install here, move or rename that file first.	Localize hardcoded user-visible copy.	Picky/App/ShellCommandMenuController.swift
localized_source	shellCommand.current.body	ko	`\(installPath.lastPathComponent)` is already installed at \(path.path) and points at this Picky.app.	%@ 명령이 %@에 설치되어 있으며 현재 Picky.app을 사용해요.	Localize hardcoded user-visible copy.	Picky/App/ShellCommandMenuController.swift
localized_source	shellCommand.current.body	en	`\(installPath.lastPathComponent)` is already installed at \(path.path) and points at this Picky.app.	The %@ command is installed at %@ and uses this Picky.app.	Localize hardcoded user-visible copy.	Picky/App/ShellCommandMenuController.swift
localized_source	shellCommand.done	ko	Done	완료	Localize hardcoded user-visible copy.	Picky/App/ShellCommandMenuController.swift
localized_source	shellCommand.done	en	Done	Done	Localize hardcoded user-visible copy.	Picky/App/ShellCommandMenuController.swift
localized_source	shellCommand.error.admin	ko	Failed to install with administrator privileges: \(message)	관리자 권한으로 설치하지 못했어요: %@	Localize hardcoded user-visible copy.	Picky/App/ShellCommandInstaller.swift
localized_source	shellCommand.error.admin	en	Failed to install with administrator privileges: \(message)	Could not install with administrator privileges: %@	Localize hardcoded user-visible copy.	Picky/App/ShellCommandInstaller.swift
localized_source	shellCommand.error.missing	ko	Picky CLI is missing inside the app bundle at \(url.path). Reinstall Picky.app or rebuild it with the bundled agentd.	%@에 Picky 명령 파일이 없어요. Picky.app을 다시 설치해 주세요.	Localize hardcoded user-visible copy.	Picky/App/ShellCommandInstaller.swift
localized_source	shellCommand.error.missing	en	Picky CLI is missing inside the app bundle at \(url.path). Reinstall Picky.app or rebuild it with the bundled agentd.	The Picky command file is missing at %@. Reinstall Picky.app.	Localize hardcoded user-visible copy.	Picky/App/ShellCommandInstaller.swift
localized_source	shellCommand.error.path	ko	Unsupported install path: \(url.path)	지원하지 않는 설치 경로예요: %@	Localize hardcoded user-visible copy.	Picky/App/ShellCommandInstaller.swift
localized_source	shellCommand.error.path	en	Unsupported install path: \(url.path)	Unsupported installation path: %@	Localize hardcoded user-visible copy.	Picky/App/ShellCommandInstaller.swift
localized_source	shellCommand.error.remove	ko	Failed to uninstall the picky CLI wrapper: \(message)	picky 명령 파일을 삭제하지 못했어요: %@	Localize hardcoded user-visible copy.	Picky/App/ShellCommandInstaller.swift
localized_source	shellCommand.error.remove	en	Failed to uninstall the picky CLI wrapper: \(message)	Could not remove the picky command file: %@	Localize hardcoded user-visible copy.	Picky/App/ShellCommandInstaller.swift
localized_source	shellCommand.error.write	ko	Failed to write the picky CLI wrapper: \(message)	picky 명령 파일을 만들지 못했어요: %@	Localize hardcoded user-visible copy.	Picky/App/ShellCommandInstaller.swift
localized_source	shellCommand.error.write	en	Failed to write the picky CLI wrapper: \(message)	Could not write the picky command file: %@	Localize hardcoded user-visible copy.	Picky/App/ShellCommandInstaller.swift
localized_source	shellCommand.install	ko	Install	설치	Localize hardcoded user-visible copy.	Picky/App/ShellCommandMenuController.swift
localized_source	shellCommand.install	en	Install	Install	Localize hardcoded user-visible copy.	Picky/App/ShellCommandMenuController.swift
localized_source	shellCommand.install.body	ko	Install a `\(installPath.lastPathComponent)` shell command at \(installPath.path) so terminals, Raycast, Hammerspoon, and cron can talk to Picky.	터미널이나 자동화 도구에서 Picky를 제어할 수 있도록 %@ 명령을 %@에 설치해요.	Localize hardcoded user-visible copy.	Picky/App/ShellCommandMenuController.swift
localized_source	shellCommand.install.body	en	Install a `\(installPath.lastPathComponent)` shell command at \(installPath.path) so terminals, Raycast, Hammerspoon, and cron can talk to Picky.	Install the %@ command at %@ to control Picky from a terminal or automation tools.	Localize hardcoded user-visible copy.	Picky/App/ShellCommandMenuController.swift
localized_source	shellCommand.install.title	ko	Install \(installPath.lastPathComponent) shell command	%@ 셸 명령 설치	Localize hardcoded user-visible copy.	Picky/App/ShellCommandMenuController.swift
localized_source	shellCommand.install.title	en	Install \(installPath.lastPathComponent) shell command	Install %@ Shell Command	Localize hardcoded user-visible copy.	Picky/App/ShellCommandMenuController.swift
localized_source	shellCommand.installFailed	ko	Install failed	설치하지 못했어요	Localize hardcoded user-visible copy.	Picky/App/ShellCommandMenuController.swift
localized_source	shellCommand.installFailed	en	Install failed	Installation failed	Localize hardcoded user-visible copy.	Picky/App/ShellCommandMenuController.swift
localized_source	shellCommand.installed.body	ko	Installed `\(installPath.lastPathComponent)` at \(installed.path).\n\nIf this is the first install, restart your terminal so the new command is on PATH.	"%@ 명령을 %@에 설치했어요.

명령을 찾을 수 없다면 새 터미널을 열고 설치 폴더가 PATH에 포함되어 있는지 확인하세요."	Localize hardcoded user-visible copy.	Picky/App/ShellCommandMenuController.swift
localized_source	shellCommand.installed.body	en	Installed `\(installPath.lastPathComponent)` at \(installed.path).\n\nIf this is the first install, restart your terminal so the new command is on PATH.	"Installed %@ at %@.

If the command is not found, open a new terminal and check that the install folder is on PATH."	Localize hardcoded user-visible copy.	Picky/App/ShellCommandMenuController.swift
localized_source	shellCommand.ok	ko	OK	확인	Localize hardcoded user-visible copy.	Picky/App/ShellCommandMenuController.swift
localized_source	shellCommand.ok	en	OK	OK	Localize hardcoded user-visible copy.	Picky/App/ShellCommandMenuController.swift
localized_source	shellCommand.reinstall	ko	Reinstall	다시 설치	Localize hardcoded user-visible copy.	Picky/App/ShellCommandMenuController.swift
localized_source	shellCommand.reinstall	en	Reinstall	Reinstall	Localize hardcoded user-visible copy.	Picky/App/ShellCommandMenuController.swift
localized_source	shellCommand.removed.body	ko	Removed `\(installPath.lastPathComponent)` from \(installPath.path).	%@ 명령을 %@에서 삭제했어요.	Localize hardcoded user-visible copy.	Picky/App/ShellCommandMenuController.swift
localized_source	shellCommand.removed.body	en	Removed `\(installPath.lastPathComponent)` from \(installPath.path).	Removed %@ from %@.	Localize hardcoded user-visible copy.	Picky/App/ShellCommandMenuController.swift
localized_source	shellCommand.stale.body	ko	`\(installPath.lastPathComponent)` is installed at \(path.path) but points at a different Picky.app:\n\(pinned)\n\nReinstall to point it at the running Picky.app, or uninstall.	"%@ 명령(%@)이 다른 Picky.app을 사용하고 있어요:
%@

현재 앱을 사용하려면 다시 설치하세요. 명령을 삭제할 수도 있어요."	Localize hardcoded user-visible copy.	Picky/App/ShellCommandMenuController.swift
localized_source	shellCommand.stale.body	en	`\(installPath.lastPathComponent)` is installed at \(path.path) but points at a different Picky.app:\n\(pinned)\n\nReinstall to point it at the running Picky.app, or uninstall.	"The %@ command at %@ uses a different Picky.app:
%@

Reinstall to use the current app, or uninstall the command."	Localize hardcoded user-visible copy.	Picky/App/ShellCommandMenuController.swift
localized_source	shellCommand.uninstall	ko	Uninstall	설치 삭제	Localize hardcoded user-visible copy.	Picky/App/ShellCommandMenuController.swift
localized_source	shellCommand.uninstall	en	Uninstall	Uninstall	Localize hardcoded user-visible copy.	Picky/App/ShellCommandMenuController.swift
localized_source	shellCommand.uninstallFailed	ko	Uninstall failed	삭제하지 못했어요	Localize hardcoded user-visible copy.	Picky/App/ShellCommandMenuController.swift
localized_source	shellCommand.uninstallFailed	en	Uninstall failed	Uninstall failed	Localize hardcoded user-visible copy.	Picky/App/ShellCommandMenuController.swift
localized_source	shortcut.capture.doubleTap	ko	Captured as a double-tap.	두 번 누르기로 입력됐어요.	Localize hardcoded user-visible copy.	Picky/Shortcuts/ShortcutCaptureRecorder.swift
localized_source	shortcut.capture.doubleTap	en	Captured as a double-tap.	Captured as a double-tap.	Localize hardcoded user-visible copy.	Picky/Shortcuts/ShortcutCaptureRecorder.swift
localized_source	shortcut.capture.focusHint	ko	Press left and right Command together, double-tap a modifier, or hold modifiers + key.	양쪽 Command를 함께 누르거나, 보조 키를 두 번 누르거나, 보조 키와 다른 키를 함께 누르세요.	Localize hardcoded user-visible copy.	Picky/Shortcuts/ShortcutCaptureRecorder.swift
localized_source	shortcut.capture.focusHint	en	Press left and right Command together, double-tap a modifier, or hold modifiers + key.	Press left and right Command together, double-tap a modifier, or hold modifiers + key.	Localize hardcoded user-visible copy.	Picky/Shortcuts/ShortcutCaptureRecorder.swift
localized_source	shortcut.capture.pendingCommand	ko	Add a key, tap the modifier again, or press the other Command.	다른 키를 함께 누르거나, 같은 보조 키를 한 번 더 누르거나, 반대쪽 Command를 누르세요.	Localize hardcoded user-visible copy.	Picky/Shortcuts/ShortcutCaptureRecorder.swift
localized_source	shortcut.capture.pendingCommand	en	Add a key, tap the modifier again, or press the other Command.	Add a key, tap the modifier again, or press the other Command.	Localize hardcoded user-visible copy.	Picky/Shortcuts/ShortcutCaptureRecorder.swift
localized_source	shortcut.capture.pendingModifier	ko	Add a key, or tap the same modifier once more.	다른 키를 함께 누르거나, 같은 보조 키를 한 번 더 누르세요.	Localize hardcoded user-visible copy.	Picky/Shortcuts/ShortcutCaptureRecorder.swift
localized_source	shortcut.capture.pendingModifier	en	Add a key, or tap the same modifier once more.	Add a key, or tap the same modifier once more.	Localize hardcoded user-visible copy.	Picky/Shortcuts/ShortcutCaptureRecorder.swift
localized_source	shortcut.capture.pttHint	ko	Press a shortcut. e.g. ⌃⌥, or ⌃⌥+space.	단축키를 누르세요. 예: ⌃⌥ 또는 ⌃⌥+스페이스.	Localize hardcoded user-visible copy.	Picky/Shortcuts/ShortcutCaptureRecorder.swift
localized_source	shortcut.capture.pttHint	en	Press a shortcut. e.g. ⌃⌥, or ⌃⌥+space.	Press a shortcut. e.g. ⌃⌥, or ⌃⌥+space.	Localize hardcoded user-visible copy.	Picky/Shortcuts/ShortcutCaptureRecorder.swift
localized_source	shortcut.capture.quickInputHint	ko	Press a shortcut. Tap the same modifier twice for a double-tap, or hold modifiers + key for a combo.	같은 보조 키를 두 번 누르거나, 보조 키와 다른 키를 함께 누르세요.	Localize hardcoded user-visible copy.	Picky/Shortcuts/ShortcutCaptureRecorder.swift
localized_source	shortcut.capture.quickInputHint	en	Press a shortcut. Tap the same modifier twice for a double-tap, or hold modifiers + key for a combo.	Press a shortcut. Tap the same modifier twice for a double-tap, or hold modifiers + key for a combo.	Localize hardcoded user-visible copy.	Picky/Shortcuts/ShortcutCaptureRecorder.swift
localized_source	shortcut.capture.unsupported	ko	This key can’t be used as a shortcut. Try another one.	단축키로 사용할 수 없는 키예요. 다른 키를 눌러 주세요.	Localize hardcoded user-visible copy.	Picky/Shortcuts/ShortcutCaptureRecorder.swift
localized_source	shortcut.capture.unsupported	en	This key can’t be used as a shortcut. Try another one.	This key can’t be used as a shortcut. Try another one.	Localize hardcoded user-visible copy.	Picky/Shortcuts/ShortcutCaptureRecorder.swift
catalog	speech.edge.error.connectionUnavailable	ko	Picky의 로컬 Edge TTS 연결을 사용할 수 없습니다.	Edge 음성 재생을 위한 Picky 연결 정보를 사용할 수 없어요.	사용자가 보는 동작과 대상을 구체적으로 표현하고 한국어 안내 말투를 맞춤.	Picky/Companion/Speech/EdgeTTSSpeechPlaybackProvider.swift
catalog	speech.edge.error.connectionUnavailable	en	Picky's local Edge TTS connection is unavailable.	Picky’s connection information for Edge speech playback is unavailable.	사용자가 보는 동작과 대상을 구체적으로 표현하고 한국어 안내 말투를 맞춤.	Picky/Companion/Speech/EdgeTTSSpeechPlaybackProvider.swift
catalog	speech.edge.error.emptyResponse	ko	Picky의 로컬 Edge TTS 서비스가 비어 있는 오디오를 반환했습니다.	Edge 음성 서비스에서 재생할 오디오를 받지 못했어요.	사용자가 보는 동작과 대상을 구체적으로 표현하고 한국어 안내 말투를 맞춤.	Picky/Companion/Speech/EdgeTTSSpeechPlaybackProvider.swift
catalog	speech.edge.error.emptyResponse	en	Picky's local Edge TTS service returned empty audio.	The Edge speech service returned no audio to play.	사용자가 보는 동작과 대상을 구체적으로 표현하고 한국어 안내 말투를 맞춤.	Picky/Companion/Speech/EdgeTTSSpeechPlaybackProvider.swift
catalog	speech.edge.error.http	ko	Picky의 로컬 Edge TTS 서비스가 HTTP %lld 오류로 실패했습니다.	Edge 음성 서비스에서 HTTP %lld 오류가 발생했어요.	사용자가 보는 동작과 대상을 구체적으로 표현하고 한국어 안내 말투를 맞춤.	Picky/Companion/Speech/EdgeTTSSpeechPlaybackProvider.swift
catalog	speech.edge.error.http	en	Picky's local Edge TTS service failed with HTTP %lld.	The Edge speech service failed with HTTP %lld.	사용자가 보는 동작과 대상을 구체적으로 표현하고 한국어 안내 말투를 맞춤.	Picky/Companion/Speech/EdgeTTSSpeechPlaybackProvider.swift
catalog	speech.edge.error.insecureConnection	ko	Picky의 로컬 Edge TTS 연결 파일 권한이 안전하지 않습니다.	Picky 연결 파일의 접근 권한이 안전하지 않아 Edge 음성을 재생할 수 없어요.	사용자가 보는 동작과 대상을 구체적으로 표현하고 한국어 안내 말투를 맞춤.	Picky/Companion/Speech/EdgeTTSSpeechPlaybackProvider.swift
catalog	speech.edge.error.insecureConnection	en	Picky's local Edge TTS connection has unsafe file permissions.	Edge speech playback is unavailable because Picky’s connection file permissions are unsafe.	사용자가 보는 동작과 대상을 구체적으로 표현하고 한국어 안내 말투를 맞춤.	Picky/Companion/Speech/EdgeTTSSpeechPlaybackProvider.swift
catalog	status.captures.screenshots	ko	단축키를 사용할 때만 스크린샷을 찍어요	요청에 참고할 화면을 캡처해요. 전송 조건은 설정에서 바꿀 수 있어요.	단축키로만 캡처한다는 과도한 제한 표현 제거	Picky/CompanionManager.swift: programmatic ink capture, text/voice capture effects; Picky/Companion/PickyMainAgentSettingsContent.swift: attachScreenshotsOnlyWhenInked
catalog	status.captures.screenshots	en	Screenshots only when you use the hotkey	Captures screen context for your requests. Control when screenshots are sent in Settings.	단축키로만 캡처한다는 과도한 제한 표현 제거	Picky/CompanionManager.swift: programmatic ink capture, text/voice capture effects; Picky/Companion/PickyMainAgentSettingsContent.swift: attachScreenshotsOnlyWhenInked
catalog	status.captures.text	ko	가능하면 선택한 텍스트와 브라우저 컨텍스트도 가져와요	가능하면 선택한 텍스트와 브라우저 정보도 가져와요	전문용어·혼용 표현을 줄이고 사용자의 행동을 명확히 안내	Picky/Companion/CompanionPanelStatusView.swift
catalog	status.captures.text	en	Selected text and browser context when available	Selected text and browser context when available	전문용어·혼용 표현을 줄이고 사용자의 행동을 명확히 안내	Picky/Companion/CompanionPanelStatusView.swift
catalog	status.extensions.pickyCLI.description	ko	로컬 Picky CLI로 Picky에 메시지를 보내고, Pickle을 만들고, push-to-talk를 제어하는 가이드를 Pi에 추가해요.	로컬 Picky CLI로 메시지를 보내고, Pickle을 만들고, 눌러서 말하기를 제어하는 가이드를 Pi에 추가해요.	전문용어·혼용 표현을 줄이고 사용자의 행동을 명확히 안내	Picky/Companion/CompanionPanelExtensionsSection.swift
catalog	status.extensions.pickyCLI.description	en	Adds guidance for using the local Picky CLI to submit to Picky, create Pickles, and control push-to-talk.	Adds guidance for using the local Picky CLI to submit to Picky, create Pickles, and control push-to-talk.	전문용어·혼용 표현을 줄이고 사용자의 행동을 명확히 안내	Picky/Companion/CompanionPanelExtensionsSection.swift
catalog	status.extensions.pickyHandoff.description	ko	로컬 Pi에 /handoff-to-picky 명령을 추가해요. Pi 세션을 Picky의 완료된 Pickle 카드로 옮길 수 있어요.	로컬 Pi에 /handoff-to-picky 명령을 추가해요. 작업 중인 대화는 새 Pickle에서 이어가고, 작업 중이 아닌 대화는 완료된 Pickle로 표시해요.	idle pin과 busy abort/create의 두 경로를 정확하게 설명	pi-extensions/picky-handoff/index.ts: ctx.isIdle() pinPickleSession vs abort/waitForIdle/createPickleFromHandoff
catalog	status.extensions.pickyHandoff.description	en	Adds the /handoff-to-picky slash command to your local Pi. Lets you pin a Pi conversation to Picky as a completed Pickle card.	Adds /handoff-to-picky to local Pi. Active work continues in a new Pickle; idle conversations appear as completed Pickles.	idle pin과 busy abort/create의 두 경로를 정확하게 설명	pi-extensions/picky-handoff/index.ts: ctx.isIdle() pinPickleSession vs abort/waitForIdle/createPickleFromHandoff
catalog	status.extensions.pickyHandoff.title	ko	Pi handoff 명령	Pi 대화 가져오기 명령	전문용어·혼용 표현을 줄이고 사용자의 행동을 명확히 안내	Picky/Companion/CompanionPanelExtensionsSection.swift
catalog	status.extensions.pickyHandoff.title	en	Pi handoff command	Pi conversation handoff	전문용어·혼용 표현을 줄이고 사용자의 행동을 명확히 안내	Picky/Companion/CompanionPanelExtensionsSection.swift
catalog	status.extensions.reload.banner.button	ko	Reload	다시 불러오기	전문용어·혼용 표현을 줄이고 사용자의 행동을 명확히 안내	Picky/Companion/CompanionPanelExtensionsView.swift
catalog	status.extensions.reload.banner.button	en	Reload	Reload	전문용어·혼용 표현을 줄이고 사용자의 행동을 명확히 안내	Picky/Companion/CompanionPanelExtensionsView.swift
catalog	status.extensions.reload.banner.message	ko	Reload 후에 적용됩니다.	플러그인 변경사항은 다시 불러온 뒤 적용돼요.	전문용어·혼용 표현을 줄이고 사용자의 행동을 명확히 안내	Picky/Companion/CompanionPanelExtensionsView.swift
catalog	status.extensions.reload.banner.message	en	Plugin changes apply after Reload.	Plugin changes apply after Reload.	전문용어·혼용 표현을 줄이고 사용자의 행동을 명확히 안내	Picky/Companion/CompanionPanelExtensionsView.swift
catalog	status.extensions.reload.banner.title	ko	Reload 필요	다시 불러오기 필요	전문용어·혼용 표현을 줄이고 사용자의 행동을 명확히 안내	Picky/Companion/CompanionPanelExtensionsView.swift
catalog	status.extensions.reload.banner.title	en	Reload required	Reload required	전문용어·혼용 표현을 줄이고 사용자의 행동을 명확히 안내	Picky/Companion/CompanionPanelExtensionsView.swift
catalog	status.extensions.reload.confirm.message.both	ko	동작 중인 피클 %lld개가 중단되고, 발화 중인 메인 Picky 세션의 응답이 끊깁니다. 압축 중인 세션은 압축이 끝나면 자동으로 reload돼요.	진행 중인 Pickle 작업 %lld개와 Picky의 현재 응답이 중단돼요. 대화 기록을 정리 중인 Pickle은 정리가 끝나면 자동으로 다시 불러와요.	전문용어·혼용 표현을 줄이고 사용자의 행동을 명확히 안내	Picky/Companion/CompanionPanelExtensionsView.swift
catalog	status.extensions.reload.confirm.message.both	en	%lld running Pickle session(s) will be aborted and the current Picky voice response will be cut. Sessions in compaction will reload automatically when compaction completes.	%lld running Pickle task(s) and Picky’s current response will be interrupted. Pickles compacting their conversation history will reload when compaction finishes.	전문용어·혼용 표현을 줄이고 사용자의 행동을 명확히 안내	Picky/Companion/CompanionPanelExtensionsView.swift
catalog	status.extensions.reload.confirm.message.generic	ko	Reload 하시겠어요?	플러그인을 다시 불러올까요?	전문용어·혼용 표현을 줄이고 사용자의 행동을 명확히 안내	Picky/Companion/CompanionPanelExtensionsView.swift
catalog	status.extensions.reload.confirm.message.generic	en	Proceed with reload?	Reload plugins?	전문용어·혼용 표현을 줄이고 사용자의 행동을 명확히 안내	Picky/Companion/CompanionPanelExtensionsView.swift
catalog	status.extensions.reload.confirm.message.main	ko	발화 중인 메인 Picky 세션의 응답이 끊깁니다.	Picky의 현재 응답이 중단돼요.	전문용어·혼용 표현을 줄이고 사용자의 행동을 명확히 안내	Picky/Companion/CompanionPanelExtensionsView.swift
catalog	status.extensions.reload.confirm.message.main	en	The current Picky voice response will be cut.	Picky’s current response will be interrupted.	전문용어·혼용 표현을 줄이고 사용자의 행동을 명확히 안내	Picky/Companion/CompanionPanelExtensionsView.swift
catalog	status.extensions.reload.confirm.message.pickles	ko	동작 중인 피클 %lld개가 중단됩니다. 압축 중인 세션은 압축이 끝나면 자동으로 reload돼요.	진행 중인 Pickle 작업 %lld개가 중단돼요. 대화 기록을 정리 중인 Pickle은 정리가 끝나면 자동으로 다시 불러와요.	전문용어·혼용 표현을 줄이고 사용자의 행동을 명확히 안내	Picky/Companion/CompanionPanelExtensionsView.swift
catalog	status.extensions.reload.confirm.message.pickles	en	%lld running Pickle session(s) will be aborted. Sessions in compaction will reload automatically when compaction completes.	%lld running Pickle task(s) will be interrupted. Pickles compacting their conversation history will reload when compaction finishes.	전문용어·혼용 표현을 줄이고 사용자의 행동을 명확히 안내	Picky/Companion/CompanionPanelExtensionsView.swift
catalog	status.extensions.reload.confirm.proceed	ko	Reload	다시 불러오기	전문용어·혼용 표현을 줄이고 사용자의 행동을 명확히 안내	Picky/Companion/CompanionPanelExtensionsView.swift
catalog	status.extensions.reload.confirm.proceed	en	Reload	Reload	전문용어·혼용 표현을 줄이고 사용자의 행동을 명확히 안내	Picky/Companion/CompanionPanelExtensionsView.swift
catalog	status.extensions.reload.confirm.title	ko	전체 세션을 Reload할까요?	모든 대화에서 플러그인을 다시 불러올까요?	전문용어·혼용 표현을 줄이고 사용자의 행동을 명확히 안내	Picky/Companion/CompanionPanelExtensionsView.swift
catalog	status.extensions.reload.confirm.title	en	Reload all sessions?	Reload plugins in all conversations?	전문용어·혼용 표현을 줄이고 사용자의 행동을 명확히 안내	Picky/Companion/CompanionPanelExtensionsView.swift
catalog	status.extensions.reload.error.disconnected	ko	agentd 연결이 끊겨 Reload가 중단됐어요.	로컬 에이전트 연결이 끊겨 다시 불러오기를 중단했어요.	전문용어·혼용 표현을 줄이고 사용자의 행동을 명확히 안내	Picky/Companion/PickyPluginReloadController.swift
catalog	status.extensions.reload.error.disconnected	en	Reload stopped because agentd disconnected.	Reload stopped because the local agent disconnected.	전문용어·혼용 표현을 줄이고 사용자의 행동을 명확히 안내	Picky/Companion/PickyPluginReloadController.swift
catalog	status.extensions.reload.error.timeout	ko	Reload 응답이 늦어요. 잠시 후 다시 시도해주세요.	다시 불러오기 응답이 늦어요. 잠시 후 다시 시도해 주세요.	전문용어·혼용 표현을 줄이고 사용자의 행동을 명확히 안내	Picky/Companion/PickyPluginReloadController.swift
catalog	status.extensions.reload.error.timeout	en	Reload timed out. Try again in a moment.	Reload timed out. Try again in a moment.	전문용어·혼용 표현을 줄이고 사용자의 행동을 명확히 안내	Picky/Companion/PickyPluginReloadController.swift
catalog	status.extensions.reload.result.nothing	ko	Reload할 항목이 없어요.	다시 불러올 항목이 없어요.	전문용어·혼용 표현을 줄이고 사용자의 행동을 명확히 안내	Picky/Companion/CompanionPanelExtensionsView.swift; Picky/Hub/Plugins/PickyHubPluginReloadBanner.swift
catalog	status.extensions.reload.result.nothing	en	Nothing to reload.	Nothing to reload.	전문용어·혼용 표현을 줄이고 사용자의 행동을 명확히 안내	Picky/Companion/CompanionPanelExtensionsView.swift; Picky/Hub/Plugins/PickyHubPluginReloadBanner.swift
catalog	status.extensions.reload.result.pickleAborted	ko	동작 중 %lld개 중단	진행 중인 작업 %lld개 중단	전문용어·혼용 표현을 줄이고 사용자의 행동을 명확히 안내	Picky/Companion/CompanionPanelExtensionsView.swift; Picky/Hub/Plugins/PickyHubPluginReloadBanner.swift
catalog	status.extensions.reload.result.pickleAborted	en	%lld running aborted	%lld running task(s) interrupted	전문용어·혼용 표현을 줄이고 사용자의 행동을 명확히 안내	Picky/Companion/CompanionPanelExtensionsView.swift; Picky/Hub/Plugins/PickyHubPluginReloadBanner.swift
catalog	status.extensions.reload.result.pickleDeferred	ko	압축 중 %lld개는 압축 뒤 reload 예정	Pickle %lld개는 대화 기록 정리 후 적용	전문용어·혼용 표현을 줄이고 사용자의 행동을 명확히 안내	Picky/Companion/CompanionPanelExtensionsView.swift; Picky/Hub/Plugins/PickyHubPluginReloadBanner.swift
catalog	status.extensions.reload.result.pickleDeferred	en	%lld awaiting compaction	%lld waiting for history compaction	전문용어·혼용 표현을 줄이고 사용자의 행동을 명확히 안내	Picky/Companion/CompanionPanelExtensionsView.swift; Picky/Hub/Plugins/PickyHubPluginReloadBanner.swift
catalog	status.extensions.reload.result.pickleReloaded	ko	피클 %lld개 reload	Pickle %lld개 다시 불러옴	전문용어·혼용 표현을 줄이고 사용자의 행동을 명확히 안내	Picky/Companion/CompanionPanelExtensionsView.swift; Picky/Hub/Plugins/PickyHubPluginReloadBanner.swift
catalog	status.extensions.reload.result.pickleReloaded	en	%lld Pickle reloaded	%lld Pickle(s) reloaded	전문용어·혼용 표현을 줄이고 사용자의 행동을 명확히 안내	Picky/Companion/CompanionPanelExtensionsView.swift; Picky/Hub/Plugins/PickyHubPluginReloadBanner.swift
catalog	status.extensions.state.legacySymlink	ko	이전 방식 설치 — 다시 설치하면 안전한 복사본으로 마이그레이션돼요.	이전 방식으로 설치됐어요. 다시 설치하면 복사본으로 바뀌어요.	근거 없는 안전 보장과 마이그레이션 전문용어 제거	Picky/Companion/CompanionPanelExtensionsSection.swift; Picky/Hub/Plugins/PickyHubPluginCatalog.swift
catalog	status.extensions.state.legacySymlink	en	Legacy install — re-install to migrate to a copy.	Legacy installation. Reinstall to replace the link with a copy.	근거 없는 안전 보장과 마이그레이션 전문용어 제거	Picky/Companion/CompanionPanelExtensionsSection.swift; Picky/Hub/Plugins/PickyHubPluginCatalog.swift
catalog	status.feedback.subtitle	ko	버그·아이디어·하고 싶은 말 무엇이든.	문제나 아이디어를 개발자에게 보내 주세요.	전문용어·혼용 표현을 줄이고 사용자의 행동을 명확히 안내	Picky/Resources/Localizable.xcstrings (catalog entry; no direct Swift consumer found)
catalog	status.feedback.subtitle	en	Bug, idea, or anything to the dev.	Send problems or ideas to the developer.	전문용어·혼용 표현을 줄이고 사용자의 행동을 명확히 안내	Picky/Resources/Localizable.xcstrings (catalog entry; no direct Swift consumer found)
catalog	status.shellCommand.stale.title	ko	`picky` 명령이 다른 Picky.app 을 가리키고 있어요	`picky` 명령이 다른 Picky.app을 가리키고 있어요	전문용어·혼용 표현을 줄이고 사용자의 행동을 명확히 안내	Picky/Companion/CompanionPanelStatusView.swift; Picky/Hub/Pages/PickyHubDashboardPage.swift
catalog	status.shellCommand.stale.title	en	`picky` points at a different Picky.app	`picky` points at a different Picky.app	전문용어·혼용 표현을 줄이고 사용자의 행동을 명확히 안내	Picky/Companion/CompanionPanelStatusView.swift; Picky/Hub/Pages/PickyHubDashboardPage.swift
catalog	status.voice.listening.subtitle	ko	말하는 동안 Control+Option을 계속 누르고 있어주세요.	말하는 동안 눌러서 말하기 단축키를 계속 누르고 있어 주세요.	사용자가 변경할 수 있는 단축키를 고정값으로 안내하지 않음	Picky/Companion/CompanionPanelStatusView.swift; Picky/Shortcuts/ShortcutSettingsViews.swift
catalog	status.voice.listening.subtitle	en	Keep holding Control+Option while you speak.	Keep holding your Push to Talk shortcut while you speak.	사용자가 변경할 수 있는 단축키를 고정값으로 안내하지 않음	Picky/Companion/CompanionPanelStatusView.swift; Picky/Shortcuts/ShortcutSettingsViews.swift
catalog	status.voice.processing.subtitle	ko	Pi에게 필요한 만큼만 컨텍스트를 모으고 있어요.	말씀하신 내용을 처리하거나 AI 응답을 기다리고 있어요.	하나의 상태가 여러 단계를 포함하며 현재 코드가 더 세분화하지 않음	Picky/Companion/CompanionPanelStatusView.swift:274
catalog	status.voice.processing.subtitle	en	Picky is collecting just enough context for Pi.	Picky is processing your speech or waiting for the AI response.	하나의 상태가 여러 단계를 포함하며 현재 코드가 더 세분화하지 않음	Picky/Companion/CompanionPanelStatusView.swift:274
catalog	status.voice.processing.title	ko	컨텍스트를 준비하고 있어요…	요청을 처리하고 있어요…	전사 확정부터 응답 대기까지 포함하는 상태를 화면 수집으로 한정하지 않음	Picky/Companion/CompanionPanelStatusView.swift:260
catalog	status.voice.processing.title	en	Preparing context…	Processing your request…	전사 확정부터 응답 대기까지 포함하는 상태를 화면 수집으로 한정하지 않음	Picky/Companion/CompanionPanelStatusView.swift:260
localized_source	terminal.alreadyOpen	ko	Pi terminal is already open for this session.	이 대화의 Pi 터미널이 이미 열려 있어요.	터미널 상태와 닫기 결과를 사용자 관점으로 안내	Picky/Sessions/PickyTerminalOverlay.swift
localized_source	terminal.alreadyOpen	en	Pi terminal is already open for this session.	The Pi terminal is already open for this conversation.	터미널 상태와 닫기 결과를 사용자 관점으로 안내	Picky/Sessions/PickyTerminalOverlay.swift
localized_source	terminal.attached	ko	"Attached to \(compactPath(sessionFilePath))
Attached to \(self.compactPath(self.sessionFilePath))"	대화 파일: %1$@	터미널 상태와 닫기 결과를 사용자 관점으로 안내	Picky/Sessions/PickyTerminalOverlay.swift
localized_source	terminal.attached	en	"Attached to \(compactPath(sessionFilePath))
Attached to \(self.compactPath(self.sessionFilePath))"	Conversation file: %1$@	터미널 상태와 닫기 결과를 사용자 관점으로 안내	Picky/Sessions/PickyTerminalOverlay.swift
localized_source	terminal.closeHint	ko	⌘W / close syncs once	닫으면 동기화 시도 · ⌘W	동기화 실패 가능성 반영	Picky/Sessions/PickyTerminalOverlay.swift
localized_source	terminal.closeHint	en	⌘W / close syncs once	Close to try syncing · ⌘W	동기화 실패 가능성 반영	Picky/Sessions/PickyTerminalOverlay.swift
localized_source	terminal.exited	ko	Pi terminal closed. Close to sync the session card.	Pi 터미널이 종료됐어요. 창을 닫으면 대화 동기화를 시도해요.	동기화 시도를 성공 보장과 구분	Picky/Sessions/PickyTerminalOverlay.swift
localized_source	terminal.exited	en	Pi terminal closed. Close to sync the session card.	Pi terminal exited. Close this window to try syncing the conversation.	동기화 시도를 성공 보장과 구분	Picky/Sessions/PickyTerminalOverlay.swift
localized_source	terminal.exitedWithCode	ko	Pi terminal exited with code \(exitCode). Close to sync the session card.	Pi 터미널이 종료됐어요(코드 %1$lld). 창을 닫으면 대화 동기화를 시도해요.	동기화 시도를 성공 보장과 구분	Picky/Sessions/PickyTerminalOverlay.swift
localized_source	terminal.exitedWithCode	en	Pi terminal exited with code \(exitCode). Close to sync the session card.	Pi terminal exited (code %1$lld). Close this window to try syncing the conversation.	동기화 시도를 성공 보장과 구분	Picky/Sessions/PickyTerminalOverlay.swift
localized_source	terminal.openFailed	ko	Failed to open Pi terminal: \(message)	Pi 터미널을 열지 못했어요: %1$@	터미널 상태와 닫기 결과를 사용자 관점으로 안내	Picky/Sessions/PickyTerminalOverlay.swift
localized_source	terminal.openFailed	en	Failed to open Pi terminal: \(message)	Could not open the Pi terminal: %1$@	터미널 상태와 닫기 결과를 사용자 관점으로 안내	Picky/Sessions/PickyTerminalOverlay.swift
localized_source	terminal.resetZoom	ko	Reset Zoom	기본 크기	터미널 상태와 닫기 결과를 사용자 관점으로 안내	Picky/Sessions/PickyTerminalOverlay.swift
localized_source	terminal.resetZoom	en	Reset Zoom	Reset Zoom	터미널 상태와 닫기 결과를 사용자 관점으로 안내	Picky/Sessions/PickyTerminalOverlay.swift
localized_source	terminal.sessionFileMissing	ko	Session file does not exist: \(sessionFilePath)	대화 파일을 찾을 수 없어요: %1$@	터미널 상태와 닫기 결과를 사용자 관점으로 안내	Picky/Sessions/PickyTerminalOverlay.swift
localized_source	terminal.sessionFileMissing	en	Session file does not exist: \(sessionFilePath)	Conversation file not found: %1$@	터미널 상태와 닫기 결과를 사용자 관점으로 안내	Picky/Sessions/PickyTerminalOverlay.swift
localized_source	terminal.startFailed	ko	Pi terminal failed to start. Close and try again.	Pi 터미널을 시작하지 못했어요. 창을 닫고 다시 열어 주세요.	터미널 상태와 닫기 결과를 사용자 관점으로 안내	Picky/Sessions/PickyTerminalOverlay.swift
localized_source	terminal.startFailed	en	Pi terminal failed to start. Close and try again.	Could not start the Pi terminal. Close this window and open it again.	터미널 상태와 닫기 결과를 사용자 관점으로 안내	Picky/Sessions/PickyTerminalOverlay.swift
localized_source	terminal.starting	ko	Starting pi --session…	Pi 터미널 여는 중…	터미널 상태와 닫기 결과를 사용자 관점으로 안내	Picky/Sessions/PickyTerminalOverlay.swift
localized_source	terminal.starting	en	Starting pi --session…	Opening Pi terminal…	터미널 상태와 닫기 결과를 사용자 관점으로 안내	Picky/Sessions/PickyTerminalOverlay.swift
localized_source	terminal.waitingForPrevious	ko	Waiting for the previous Pi terminal to close…	이전 Pi 터미널이 종료되기를 기다리는 중…	터미널 상태와 닫기 결과를 사용자 관점으로 안내	Picky/Sessions/PickyTerminalOverlay.swift
localized_source	terminal.waitingForPrevious	en	Waiting for the previous Pi terminal to close…	Waiting for the previous Pi terminal to close…	터미널 상태와 닫기 결과를 사용자 관점으로 안내	Picky/Sessions/PickyTerminalOverlay.swift
localized_source	terminal.zoomIn	ko	Zoom In	확대	터미널 상태와 닫기 결과를 사용자 관점으로 안내	Picky/Sessions/PickyTerminalOverlay.swift
localized_source	terminal.zoomIn	en	Zoom In	Zoom In	터미널 상태와 닫기 결과를 사용자 관점으로 안내	Picky/Sessions/PickyTerminalOverlay.swift
localized_source	terminal.zoomOut	ko	Zoom Out	축소	터미널 상태와 닫기 결과를 사용자 관점으로 안내	Picky/Sessions/PickyTerminalOverlay.swift
localized_source	terminal.zoomOut	en	Zoom Out	Zoom Out	터미널 상태와 닫기 결과를 사용자 관점으로 안내	Picky/Sessions/PickyTerminalOverlay.swift
reused_key	Picky/App/ShellCommandMenuController.swift	ko	Cancel	취소	기존 번역 연결	common.cancel
reused_key	Picky/App/ShellCommandMenuController.swift	en	Cancel	Cancel	기존 번역 연결	common.cancel
reused_key	Picky/QuickInput/QuickInputPanelView.swift	ko	Send	보내기	기존 번역 연결	hud.composer.submit.send
reused_key	Picky/QuickInput/QuickInputPanelView.swift	en	Send	Send	기존 번역 연결	hud.composer.submit.send
reused_key	Picky/QuickInput/QuickInputPanelView.swift	ko	Close	닫기	기존 번역 연결	common.close
reused_key	Picky/QuickInput/QuickInputPanelView.swift	en	Close	Close	기존 번역 연결	common.close
reused_key	Picky/Overlay/PickyMainActivityChipPolicy.swift	ko	생각 중	생각 과정	기존 번역 연결	hud.thinking.title
reused_key	Picky/Overlay/PickyMainActivityChipPolicy.swift	en	생각 중	Thinking	기존 번역 연결	hud.thinking.title
reused_key	Picky/Overlay/PickyMainActivityChipView.swift	ko	".accessibilityValue(model.isRunning ? ""Running"" : ""Completed"")"	실행 중	기존 번역 연결	hud.conversation.status.running
reused_key	Picky/Overlay/PickyMainActivityChipView.swift	en	".accessibilityValue(model.isRunning ? ""Running"" : ""Completed"")"	Running	기존 번역 연결	hud.conversation.status.running
reused_key	Picky/Overlay/PickyMainActivityChipView.swift	ko	".accessibilityValue(model.isRunning ? L10n.t(""hud.conversation.status.running"") : ""Completed"")"	실행 중	기존 번역 연결	hud.conversation.status.running
reused_key	Picky/Overlay/PickyMainActivityChipView.swift	en	".accessibilityValue(model.isRunning ? L10n.t(""hud.conversation.status.running"") : ""Completed"")"	Running	기존 번역 연결	hud.conversation.status.running
reused_key	Picky/Overlay/PickyMainActivityChipView.swift	ko	".accessibilityValue(model.isRunning ? L10n.t(""hud.conversation.status.running"") : ""Completed"")"	완료	기존 번역 연결	hud.activity.summary.completed
reused_key	Picky/Overlay/PickyMainActivityChipView.swift	en	".accessibilityValue(model.isRunning ? L10n.t(""hud.conversation.status.running"") : ""Completed"")"	Completed	기존 번역 연결	hud.activity.summary.completed
reused_key	Picky/HUD/PickyHUDLayoutPolicy.swift	ko	Failed	실패	기존 번역 연결	hud.conversation.status.failed
reused_key	Picky/HUD/PickyHUDLayoutPolicy.swift	en	Failed	Failed	기존 번역 연결	hud.conversation.status.failed
reused_key	Picky/HUD/PickyDockGroupCreatorView.swift	ko	Cancel	취소	기존 번역 연결	common.cancel
reused_key	Picky/HUD/PickyDockGroupCreatorView.swift	en	Cancel	Cancel	기존 번역 연결	common.cancel
reused_key	Picky/HUD/PickyHUDDockIconView.swift	ko	Running	실행 중	기존 번역 연결	hud.conversation.status.running
reused_key	Picky/HUD/PickyHUDDockIconView.swift	en	Running	Running	기존 번역 연결	hud.conversation.status.running
reused_key	Picky/HUD/PickyHUDDockIconView.swift	ko	Completed	완료	기존 번역 연결	hud.activity.summary.completed
reused_key	Picky/HUD/PickyHUDDockIconView.swift	en	Completed	Completed	기존 번역 연결	hud.activity.summary.completed
reused_key	Picky/HUD/PickyHUDDockIconView.swift	ko	Failed	실패	기존 번역 연결	hud.conversation.status.failed
reused_key	Picky/HUD/PickyHUDDockIconView.swift	en	Failed	Failed	기존 번역 연결	hud.conversation.status.failed
reused_key	Picky/HUD/Conversation/Bubbles/PickyAgentBubbleSurfaceView.swift	ko	"let item = NSMenuItem(title: ""Copy Text"", action: #selector(copyTextClicked), keyEquivalent: """")"	텍스트 복사	기존 번역 연결	hud.extensionMessage.copy
reused_key	Picky/HUD/Conversation/Bubbles/PickyAgentBubbleSurfaceView.swift	en	"let item = NSMenuItem(title: ""Copy Text"", action: #selector(copyTextClicked), keyEquivalent: """")"	Copy Text	기존 번역 연결	hud.extensionMessage.copy
reused_key	Picky/HUD/Conversation/Bubbles/PickyAgentBubbleSurfaceView.swift	ko	"let item = NSMenuItem(title: ""Open as Report"", action: #selector(openAsReportClicked), keyEquivalent: """")"	리포트로 열기	기존 번역 연결	hud.extensionMessage.openAsReport
reused_key	Picky/HUD/Conversation/Bubbles/PickyAgentBubbleSurfaceView.swift	en	"let item = NSMenuItem(title: ""Open as Report"", action: #selector(openAsReportClicked), keyEquivalent: """")"	Open as Report	기존 번역 연결	hud.extensionMessage.openAsReport
reused_key	Picky/HUD/Conversation/Bubbles/PickyToolCallInlineRow.swift	ko	Failed	실패	기존 번역 연결	hud.conversation.status.failed
reused_key	Picky/HUD/Conversation/Bubbles/PickyToolCallInlineRow.swift	en	Failed	Failed	기존 번역 연결	hud.conversation.status.failed
reused_key	Picky/HUD/Conversation/Bubbles/PickyToolCallInlineRow.swift	ko	Running	실행 중	기존 번역 연결	hud.conversation.status.running
reused_key	Picky/HUD/Conversation/Bubbles/PickyToolCallInlineRow.swift	en	Running	Running	기존 번역 연결	hud.conversation.status.running
reused_key	Picky/HUD/Conversation/Bubbles/PickyToolCallInlineRow.swift	ko	Completed	완료	기존 번역 연결	hud.activity.summary.completed
reused_key	Picky/HUD/Conversation/Bubbles/PickyToolCallInlineRow.swift	en	Completed	Completed	기존 번역 연결	hud.activity.summary.completed
reused_key	Picky/HUD/Conversation/Bubbles/PickyMarkdownInlineTextView.swift	ko	"let item = NSMenuItem(title: ""Copy Text"", action: #selector(copyTextClicked), keyEquivalent: """")"	텍스트 복사	기존 번역 연결	hud.extensionMessage.copy
reused_key	Picky/HUD/Conversation/Bubbles/PickyMarkdownInlineTextView.swift	en	"let item = NSMenuItem(title: ""Copy Text"", action: #selector(copyTextClicked), keyEquivalent: """")"	Copy Text	기존 번역 연결	hud.extensionMessage.copy
reused_key	Picky/HUD/Conversation/Bubbles/PickyMarkdownInlineTextView.swift	ko	Open as Report	리포트로 열기	기존 번역 연결	hud.extensionMessage.openAsReport
reused_key	Picky/HUD/Conversation/Bubbles/PickyMarkdownInlineTextView.swift	en	Open as Report	Open as Report	기존 번역 연결	hud.extensionMessage.openAsReport
reused_key	Picky/HUD/Conversation/Bubbles/PickyQuestionBubbleView.swift	ko	Cancel	취소	기존 번역 연결	common.cancel
reused_key	Picky/HUD/Conversation/Bubbles/PickyQuestionBubbleView.swift	en	Cancel	Cancel	기존 번역 연결	common.cancel
reused_key	Picky/HUD/Conversation/Bubbles/PickyUserBubbleSurfaceView.swift	ko	"let item = NSMenuItem(title: ""Copy Text"", action: #selector(copyTextClicked), keyEquivalent: """")"	텍스트 복사	기존 번역 연결	hud.extensionMessage.copy
reused_key	Picky/HUD/Conversation/Bubbles/PickyUserBubbleSurfaceView.swift	en	"let item = NSMenuItem(title: ""Copy Text"", action: #selector(copyTextClicked), keyEquivalent: """")"	Copy Text	기존 번역 연결	hud.extensionMessage.copy
reused_key	Picky/HUD/Conversation/Bubbles/PickyUserBubbleSurfaceView.swift	ko	"let item = NSMenuItem(title: ""Open as Report"", action: #selector(openAsReportClicked), keyEquivalent: """")"	리포트로 열기	기존 번역 연결	hud.extensionMessage.openAsReport
reused_key	Picky/HUD/Conversation/Bubbles/PickyUserBubbleSurfaceView.swift	en	"let item = NSMenuItem(title: ""Open as Report"", action: #selector(openAsReportClicked), keyEquivalent: """")"	Open as Report	기존 번역 연결	hud.extensionMessage.openAsReport
reused_key	Picky/Companion/CompanionPanelSettingsView.swift	ko	settings.dock.size.label	도크 크기	기존 번역 연결	settings.field.dockSize
reused_key	Picky/Companion/CompanionPanelSettingsView.swift	en	settings.dock.size.label	Dock size	기존 번역 연결	settings.field.dockSize
reused_key	Picky/Hub/Plugins/PickyHubPluginCardView.swift	ko	"title: isHoveringInstalledAction ? ""hub.plugins.card.remove"" : ""hub.plugins.detail.installed"","	삭제	기존 번역 연결	hub.plugins.card.remove
reused_key	Picky/Hub/Plugins/PickyHubPluginCardView.swift	en	"title: isHoveringInstalledAction ? ""hub.plugins.card.remove"" : ""hub.plugins.detail.installed"","	Remove	기존 번역 연결	hub.plugins.card.remove
reused_key	Picky/Hub/Pages/PickyHubSettingsPage.swift	ko	"title: granted ? ""hub.settings.permission.granted"" : ""hub.settings.permission.required"","	허용됨 · 시스템 설정	기존 번역 연결	hub.settings.permission.granted
reused_key	Picky/Hub/Pages/PickyHubSettingsPage.swift	en	"title: granted ? ""hub.settings.permission.granted"" : ""hub.settings.permission.required"","	Granted · System Settings	기존 번역 연결	hub.settings.permission.granted
reused_key	Picky/Hub/Settings/PickyHubPermissionAction.swift	ko	func perform(	확인 필요 · 시스템 설정	기존 번역 연결	hub.settings.permission.required
reused_key	Picky/Hub/Settings/PickyHubPermissionAction.swift	en	func perform(	Needs review · System Settings	기존 번역 연결	hub.settings.permission.required
reused_key	Picky/HUD/Conversation/Bubbles/PickyErrorBubbleView.swift	ko	hud.error.retry	다시 시도	기존 번역 연결	hud.error.retry
reused_key	Picky/HUD/Conversation/Bubbles/PickyErrorBubbleView.swift	en	hud.error.retry	Retry	기존 번역 연결	hud.error.retry
